timeStamp,elapsed,label,responseCode,responseMessage,threadName,dataType,success,failureMessage,bytes,sentBytes,grpThreads,allThreads,URL,Latency,IdleTime,Connect
1690055351741,407,GET All Activities,200,OK,EnduranceTest 1-1,text,true,,3042,206,1,1,https://fakerestapi.azurewebsites.net/api/v1/Activities,406,0,341
1690055352149,45,POST Activity,200,OK,EnduranceTest 1-1,text,true,,274,329,1,1,https://fakerestapi.azurewebsites.net/api/v1/Activities,45,0,0
1690055352195,41,GET Activity,200,OK,EnduranceTest 1-1,text,true,,288,208,1,1,https://fakerestapi.azurewebsites.net/api/v1/Activities/1,41,0,0
1690055352237,46,PUT Activity,200,OK,EnduranceTest 1-1,text,true,,274,330,1,1,https://fakerestapi.azurewebsites.net/api/v1/Activities/1,43,0,0
1690055352284,39,DELETE Activity,200,OK,EnduranceTest 1-1,,true,,121,230,1,1,https://fakerestapi.azurewebsites.net/api/v1/Activities/1,39,0,0
1690055352323,44,GET All Activities,200,OK,EnduranceTest 1-1,text,true,,3045,206,1,1,https://fakerestapi.azurewebsites.net/api/v1/Activities,44,0,0
1690055352367,41,POST Activity,200,OK,EnduranceTest 1-1,text,true,,274,329,1,1,https://fakerestapi.azurewebsites.net/api/v1/Activities,41,0,0
1690055352409,40,GET Activity,200,OK,EnduranceTest 1-1,text,true,,287,208,1,1,https://fakerestapi.azurewebsites.net/api/v1/Activities/2,40,0,0
1690055352450,42,PUT Activity,200,OK,EnduranceTest 1-1,text,true,,274,330,1,1,https://fakerestapi.azurewebsites.net/api/v1/Activities/2,42,0,0
1690055352492,57,DELETE Activity,200,OK,EnduranceTest 1-1,,true,,121,230,1,1,https://fakerestapi.azurewebsites.net/api/v1/Activities/2,57,0,0
1690055352549,46,GET All Activities,200,OK,EnduranceTest 1-1,text,true,,3048,206,1,1,https://fakerestapi.azurewebsites.net/api/v1/Activities,45,0,0
1690055352597,43,POST Activity,200,OK,EnduranceTest 1-1,text,true,,274,329,1,1,https://fakerestapi.azurewebsites.net/api/v1/Activities,42,0,0
1690055352641,49,GET Activity,200,OK,EnduranceTest 1-1,text,true,,288,208,1,1,https://fakerestapi.azurewebsites.net/api/v1/Activities/3,49,0,0
1690055352691,41,PUT Activity,200,OK,EnduranceTest 1-1,text,true,,274,330,1,1,https://fakerestapi.azurewebsites.net/api/v1/Activities/3,41,0,0
1690055352732,44,DELETE Activity,200,OK,EnduranceTest 1-1,,true,,121,230,1,1,https://fakerestapi.azurewebsites.net/api/v1/Activities/3,44,0,0
1690055352778,45,GET All Activities,200,OK,EnduranceTest 1-1,text,true,,3045,206,1,1,https://fakerestapi.azurewebsites.net/api/v1/Activities,45,0,0
1690055352824,46,POST Activity,200,OK,EnduranceTest 1-1,text,true,,274,329,1,1,https://fakerestapi.azurewebsites.net/api/v1/Activities,45,0,0
1690055352871,43,GET Activity,200,OK,EnduranceTest 1-1,text,true,,287,208,1,1,https://fakerestapi.azurewebsites.net/api/v1/Activities/4,43,0,0
1690055352915,44,PUT Activity,200,OK,EnduranceTest 1-1,text,true,,274,330,1,1,https://fakerestapi.azurewebsites.net/api/v1/Activities/4,43,0,0
1690055352960,41,DELETE Activity,200,OK,EnduranceTest 1-1,,true,,121,230,1,1,https://fakerestapi.azurewebsites.net/api/v1/Activities/4,41,0,0
1690055353001,46,GET All Activities,200,OK,EnduranceTest 1-1,text,true,,3046,206,1,1,https://fakerestapi.azurewebsites.net/api/v1/Activities,44,0,0
1690055353047,43,POST Activity,200,OK,EnduranceTest 1-1,text,true,,274,329,1,1,https://fakerestapi.azurewebsites.net/api/v1/Activities,42,0,0
1690055353091,44,GET Activity,200,OK,EnduranceTest 1-1,text,true,,288,208,1,1,https://fakerestapi.azurewebsites.net/api/v1/Activities/5,43,0,0
1690055353135,44,PUT Activity,200,OK,EnduranceTest 1-1,text,true,,274,330,1,1,https://fakerestapi.azurewebsites.net/api/v1/Activities/5,44,0,0
1690055353180,47,DELETE Activity,200,OK,EnduranceTest 1-1,,true,,121,230,1,1,https://fakerestapi.azurewebsites.net/api/v1/Activities/5,47,0,0
1690055353228,50,GET All Activities,200,OK,EnduranceTest 1-1,text,true,,3047,206,1,1,https://fakerestapi.azurewebsites.net/api/v1/Activities,47,0,0
1690055353279,41,POST Activity,200,OK,EnduranceTest 1-1,text,true,,274,329,1,1,https://fakerestapi.azurewebsites.net/api/v1/Activities,41,0,0
1690055353321,42,GET Activity,200,OK,EnduranceTest 1-1,text,true,,287,208,1,1,https://fakerestapi.azurewebsites.net/api/v1/Activities/6,41,0,0
1690055353364,52,PUT Activity,200,OK,EnduranceTest 1-1,text,true,,274,330,1,1,https://fakerestapi.azurewebsites.net/api/v1/Activities/6,46,0,0
1690055353417,41,DELETE Activity,200,OK,EnduranceTest 1-1,,true,,121,230,1,1,https://fakerestapi.azurewebsites.net/api/v1/Activities/6,41,0,0
1690055353459,61,GET All Activities,200,OK,EnduranceTest 1-1,text,true,,3048,206,1,1,https://fakerestapi.azurewebsites.net/api/v1/Activities,60,0,0
1690055353521,62,POST Activity,200,OK,EnduranceTest 1-1,text,true,,274,329,1,1,https://fakerestapi.azurewebsites.net/api/v1/Activities,62,0,0
1690055353585,48,GET Activity,200,OK,EnduranceTest 1-1,text,true,,288,208,1,1,https://fakerestapi.azurewebsites.net/api/v1/Activities/7,48,0,0
1690055353634,43,PUT Activity,200,OK,EnduranceTest 1-1,text,true,,274,330,1,1,https://fakerestapi.azurewebsites.net/api/v1/Activities/7,43,0,0
1690055353678,40,DELETE Activity,200,OK,EnduranceTest 1-1,,true,,121,230,1,1,https://fakerestapi.azurewebsites.net/api/v1/Activities/7,40,0,0
1690055353719,45,GET All Activities,200,OK,EnduranceTest 1-1,text,true,,3047,206,1,1,https://fakerestapi.azurewebsites.net/api/v1/Activities,45,0,0
1690055353765,48,POST Activity,200,OK,EnduranceTest 1-1,text,true,,274,329,1,1,https://fakerestapi.azurewebsites.net/api/v1/Activities,48,0,0
1690055353814,48,GET Activity,200,OK,EnduranceTest 1-1,text,true,,287,208,1,1,https://fakerestapi.azurewebsites.net/api/v1/Activities/8,47,0,0
1690055353862,52,PUT Activity,200,OK,EnduranceTest 1-1,text,true,,274,330,1,1,https://fakerestapi.azurewebsites.net/api/v1/Activities/8,47,0,0
1690055353920,43,DELETE Activity,200,OK,EnduranceTest 1-1,,true,,121,230,1,1,https://fakerestapi.azurewebsites.net/api/v1/Activities/8,43,0,0
1690055353964,43,GET All Activities,200,OK,EnduranceTest 1-1,text,true,,3044,206,1,1,https://fakerestapi.azurewebsites.net/api/v1/Activities,43,0,0
1690055354009,45,POST Activity,200,OK,EnduranceTest 1-1,text,true,,274,329,1,1,https://fakerestapi.azurewebsites.net/api/v1/Activities,45,0,0
1690055354056,46,GET Activity,200,OK,EnduranceTest 1-1,text,true,,288,208,1,1,https://fakerestapi.azurewebsites.net/api/v1/Activities/9,46,0,0
1690055354103,42,PUT Activity,200,OK,EnduranceTest 1-1,text,true,,274,330,1,1,https://fakerestapi.azurewebsites.net/api/v1/Activities/9,42,0,0
1690055354146,53,DELETE Activity,200,OK,EnduranceTest 1-1,,true,,121,230,1,1,https://fakerestapi.azurewebsites.net/api/v1/Activities/9,53,0,0
1690055354200,45,GET All Activities,200,OK,EnduranceTest 1-1,text,true,,3048,206,1,1,https://fakerestapi.azurewebsites.net/api/v1/Activities,44,0,0
1690055354245,43,POST Activity,200,OK,EnduranceTest 1-1,text,true,,275,330,1,1,https://fakerestapi.azurewebsites.net/api/v1/Activities,43,0,0
1690055354289,42,GET Activity,200,OK,EnduranceTest 1-1,text,true,,289,209,1,1,https://fakerestapi.azurewebsites.net/api/v1/Activities/10,42,0,0
1690055354332,41,PUT Activity,200,OK,EnduranceTest 1-1,text,true,,275,332,1,1,https://fakerestapi.azurewebsites.net/api/v1/Activities/10,41,0,0
1690055354374,41,DELETE Activity,200,OK,EnduranceTest 1-1,,true,,121,231,1,1,https://fakerestapi.azurewebsites.net/api/v1/Activities/10,41,0,0
1690055354422,54,GET All Activities,200,OK,EnduranceTest 1-1,text,true,,3047,206,1,1,https://fakerestapi.azurewebsites.net/api/v1/Activities,53,0,0
1690055354476,44,POST Activity,200,OK,EnduranceTest 1-1,text,true,,274,329,1,1,https://fakerestapi.azurewebsites.net/api/v1/Activities,44,0,0
1690055354521,48,GET Activity,200,OK,EnduranceTest 1-1,text,true,,288,208,1,1,https://fakerestapi.azurewebsites.net/api/v1/Activities/1,48,0,0
1690055354570,45,PUT Activity,200,OK,EnduranceTest 1-1,text,true,,274,330,1,1,https://fakerestapi.azurewebsites.net/api/v1/Activities/1,45,0,0
1690055354616,42,DELETE Activity,200,OK,EnduranceTest 1-1,,true,,121,230,1,1,https://fakerestapi.azurewebsites.net/api/v1/Activities/1,42,0,0
1690055354659,60,GET All Activities,200,OK,EnduranceTest 1-1,text,true,,3044,206,1,1,https://fakerestapi.azurewebsites.net/api/v1/Activities,60,0,0
1690055354720,44,POST Activity,200,OK,EnduranceTest 1-1,text,true,,274,329,1,1,https://fakerestapi.azurewebsites.net/api/v1/Activities,43,0,0
1690055354765,41,GET Activity,200,OK,EnduranceTest 1-1,text,true,,287,208,1,1,https://fakerestapi.azurewebsites.net/api/v1/Activities/2,41,0,0
1690055354807,86,PUT Activity,200,OK,EnduranceTest 1-1,text,true,,274,330,1,1,https://fakerestapi.azurewebsites.net/api/v1/Activities/2,85,0,0
1690055354894,48,DELETE Activity,200,OK,EnduranceTest 1-1,,true,,121,230,1,1,https://fakerestapi.azurewebsites.net/api/v1/Activities/2,48,0,0
1690055354942,46,GET All Activities,200,OK,EnduranceTest 1-1,text,true,,3047,206,1,1,https://fakerestapi.azurewebsites.net/api/v1/Activities,45,0,0
1690055354989,45,POST Activity,200,OK,EnduranceTest 1-1,text,true,,274,329,1,1,https://fakerestapi.azurewebsites.net/api/v1/Activities,45,0,0
1690055355035,43,GET Activity,200,OK,EnduranceTest 1-1,text,true,,288,208,1,1,https://fakerestapi.azurewebsites.net/api/v1/Activities/3,42,0,0
1690055355079,54,PUT Activity,200,OK,EnduranceTest 1-1,text,true,,274,330,1,1,https://fakerestapi.azurewebsites.net/api/v1/Activities/3,45,0,0
1690055355134,58,DELETE Activity,200,OK,EnduranceTest 1-1,,true,,121,230,1,1,https://fakerestapi.azurewebsites.net/api/v1/Activities/3,58,0,0
1690055355193,47,GET All Activities,200,OK,EnduranceTest 1-1,text,true,,3047,206,1,1,https://fakerestapi.azurewebsites.net/api/v1/Activities,47,0,0
1690055355241,45,POST Activity,200,OK,EnduranceTest 1-1,text,true,,274,329,1,1,https://fakerestapi.azurewebsites.net/api/v1/Activities,45,0,0
1690055355287,44,GET Activity,200,OK,EnduranceTest 1-1,text,true,,287,208,1,1,https://fakerestapi.azurewebsites.net/api/v1/Activities/4,44,0,0
1690055355332,42,PUT Activity,200,OK,EnduranceTest 1-1,text,true,,274,330,1,1,https://fakerestapi.azurewebsites.net/api/v1/Activities/4,42,0,0
1690055355375,47,DELETE Activity,200,OK,EnduranceTest 1-1,,true,,121,230,1,1,https://fakerestapi.azurewebsites.net/api/v1/Activities/4,47,0,0
1690055355423,41,GET All Activities,200,OK,EnduranceTest 1-1,text,true,,3046,206,1,1,https://fakerestapi.azurewebsites.net/api/v1/Activities,40,0,0
1690055355464,40,POST Activity,200,OK,EnduranceTest 1-1,text,true,,274,329,1,1,https://fakerestapi.azurewebsites.net/api/v1/Activities,40,0,0
1690055355505,44,GET Activity,200,OK,EnduranceTest 1-1,text,true,,288,208,1,1,https://fakerestapi.azurewebsites.net/api/v1/Activities/5,43,0,0
1690055355549,44,PUT Activity,200,OK,EnduranceTest 1-1,text,true,,274,330,1,1,https://fakerestapi.azurewebsites.net/api/v1/Activities/5,42,0,0
1690055355593,41,DELETE Activity,200,OK,EnduranceTest 1-1,,true,,121,230,1,1,https://fakerestapi.azurewebsites.net/api/v1/Activities/5,41,0,0
1690055355635,45,GET All Activities,200,OK,EnduranceTest 1-1,text,true,,3049,206,1,1,https://fakerestapi.azurewebsites.net/api/v1/Activities,45,0,0
1690055355681,42,POST Activity,200,OK,EnduranceTest 1-1,text,true,,274,329,1,1,https://fakerestapi.azurewebsites.net/api/v1/Activities,42,0,0
1690055355724,42,GET Activity,200,OK,EnduranceTest 1-1,text,true,,287,208,1,1,https://fakerestapi.azurewebsites.net/api/v1/Activities/6,41,0,0
1690055355766,45,PUT Activity,200,OK,EnduranceTest 1-1,text,true,,274,330,1,1,https://fakerestapi.azurewebsites.net/api/v1/Activities/6,44,0,0
1690055355812,44,DELETE Activity,200,OK,EnduranceTest 1-1,,true,,121,230,1,1,https://fakerestapi.azurewebsites.net/api/v1/Activities/6,44,0,0
1690055355857,46,GET All Activities,200,OK,EnduranceTest 1-1,text,true,,3048,206,1,1,https://fakerestapi.azurewebsites.net/api/v1/Activities,46,0,0
1690055355903,49,POST Activity,200,OK,EnduranceTest 1-1,text,true,,274,329,1,1,https://fakerestapi.azurewebsites.net/api/v1/Activities,49,0,0
1690055355952,41,GET Activity,200,OK,EnduranceTest 1-1,text,true,,288,208,1,1,https://fakerestapi.azurewebsites.net/api/v1/Activities/7,41,0,0
1690055355993,43,PUT Activity,200,OK,EnduranceTest 1-1,text,true,,274,330,1,1,https://fakerestapi.azurewebsites.net/api/v1/Activities/7,41,0,0
1690055356036,42,DELETE Activity,200,OK,EnduranceTest 1-1,,true,,121,230,1,1,https://fakerestapi.azurewebsites.net/api/v1/Activities/7,42,0,0
1690055356079,46,GET All Activities,200,OK,EnduranceTest 1-1,text,true,,3045,206,1,1,https://fakerestapi.azurewebsites.net/api/v1/Activities,45,0,0
1690055356125,43,POST Activity,200,OK,EnduranceTest 1-1,text,true,,274,329,1,1,https://fakerestapi.azurewebsites.net/api/v1/Activities,43,0,0
1690055356168,58,GET Activity,200,OK,EnduranceTest 1-1,text,true,,287,208,1,1,https://fakerestapi.azurewebsites.net/api/v1/Activities/8,57,0,0
1690055356226,41,PUT Activity,200,OK,EnduranceTest 1-1,text,true,,274,330,1,1,https://fakerestapi.azurewebsites.net/api/v1/Activities/8,41,0,0
1690055356267,41,DELETE Activity,200,OK,EnduranceTest 1-1,,true,,121,230,1,1,https://fakerestapi.azurewebsites.net/api/v1/Activities/8,41,0,0
1690055356309,43,GET All Activities,200,OK,EnduranceTest 1-1,text,true,,3046,206,1,1,https://fakerestapi.azurewebsites.net/api/v1/Activities,42,0,0
1690055356352,42,POST Activity,200,OK,EnduranceTest 1-1,text,true,,274,329,1,1,https://fakerestapi.azurewebsites.net/api/v1/Activities,42,0,0
1690055356394,47,GET Activity,200,OK,EnduranceTest 1-1,text,true,,288,208,1,1,https://fakerestapi.azurewebsites.net/api/v1/Activities/9,47,0,0
1690055356449,43,PUT Activity,200,OK,EnduranceTest 1-1,text,true,,274,330,1,1,https://fakerestapi.azurewebsites.net/api/v1/Activities/9,41,0,0
1690055356492,41,DELETE Activity,200,OK,EnduranceTest 1-1,,true,,121,230,1,1,https://fakerestapi.azurewebsites.net/api/v1/Activities/9,41,0,0
1690055356534,44,GET All Activities,200,OK,EnduranceTest 1-1,text,true,,3047,206,1,1,https://fakerestapi.azurewebsites.net/api/v1/Activities,44,0,0
1690055356578,52,POST Activity,200,OK,EnduranceTest 1-1,text,true,,275,330,1,1,https://fakerestapi.azurewebsites.net/api/v1/Activities,40,0,0
1690055356630,42,GET Activity,200,OK,EnduranceTest 1-1,text,true,,289,209,1,1,https://fakerestapi.azurewebsites.net/api/v1/Activities/10,42,0,0
1690055356672,43,PUT Activity,200,OK,EnduranceTest 1-1,text,true,,275,332,1,1,https://fakerestapi.azurewebsites.net/api/v1/Activities/10,43,0,0
1690055356715,40,DELETE Activity,200,OK,EnduranceTest 1-1,,true,,121,231,1,1,https://fakerestapi.azurewebsites.net/api/v1/Activities/10,40,0,0
1690055356756,45,GET All Activities,200,OK,EnduranceTest 1-1,text,true,,3048,206,1,1,https://fakerestapi.azurewebsites.net/api/v1/Activities,45,0,0
1690055356801,40,POST Activity,200,OK,EnduranceTest 1-1,text,true,,274,329,1,1,https://fakerestapi.azurewebsites.net/api/v1/Activities,40,0,0
1690055356842,41,GET Activity,200,OK,EnduranceTest 1-1,text,true,,288,208,1,1,https://fakerestapi.azurewebsites.net/api/v1/Activities/1,41,0,0
1690055356883,44,PUT Activity,200,OK,EnduranceTest 1-1,text,true,,274,330,1,1,https://fakerestapi.azurewebsites.net/api/v1/Activities/1,43,0,0
1690055356927,43,DELETE Activity,200,OK,EnduranceTest 1-1,,true,,121,230,1,1,https://fakerestapi.azurewebsites.net/api/v1/Activities/1,43,0,0
1690055356970,45,GET All Activities,200,OK,EnduranceTest 1-1,text,true,,3045,206,1,1,https://fakerestapi.azurewebsites.net/api/v1/Activities,45,0,0
1690055357015,43,POST Activity,200,OK,EnduranceTest 1-1,text,true,,274,329,1,1,https://fakerestapi.azurewebsites.net/api/v1/Activities,43,0,0
1690055357058,46,GET Activity,200,OK,EnduranceTest 1-1,text,true,,287,208,1,1,https://fakerestapi.azurewebsites.net/api/v1/Activities/2,46,0,0
1690055357104,52,PUT Activity,200,OK,EnduranceTest 1-1,text,true,,274,330,1,1,https://fakerestapi.azurewebsites.net/api/v1/Activities/2,52,0,0
1690055357156,42,DELETE Activity,200,OK,EnduranceTest 1-1,,true,,121,230,1,1,https://fakerestapi.azurewebsites.net/api/v1/Activities/2,42,0,0
1690055357198,44,GET All Activities,200,OK,EnduranceTest 1-1,text,true,,3045,206,1,1,https://fakerestapi.azurewebsites.net/api/v1/Activities,44,0,0
1690055357242,41,POST Activity,200,OK,EnduranceTest 1-1,text,true,,274,329,1,1,https://fakerestapi.azurewebsites.net/api/v1/Activities,41,0,0
1690055357283,43,GET Activity,200,OK,EnduranceTest 1-1,text,true,,288,208,1,1,https://fakerestapi.azurewebsites.net/api/v1/Activities/3,43,0,0
1690055357326,42,PUT Activity,200,OK,EnduranceTest 1-1,text,true,,274,330,1,1,https://fakerestapi.azurewebsites.net/api/v1/Activities/3,41,0,0
1690055357368,40,DELETE Activity,200,OK,EnduranceTest 1-1,,true,,121,230,1,1,https://fakerestapi.azurewebsites.net/api/v1/Activities/3,40,0,0
1690055357409,46,GET All Activities,200,OK,EnduranceTest 1-1,text,true,,3048,206,1,1,https://fakerestapi.azurewebsites.net/api/v1/Activities,45,0,0
1690055357455,42,POST Activity,200,OK,EnduranceTest 1-1,text,true,,274,329,1,1,https://fakerestapi.azurewebsites.net/api/v1/Activities,42,0,0
1690055357497,43,GET Activity,200,OK,EnduranceTest 1-1,text,true,,286,208,1,1,https://fakerestapi.azurewebsites.net/api/v1/Activities/4,43,0,0
1690055357540,42,PUT Activity,200,OK,EnduranceTest 1-1,text,true,,274,330,1,1,https://fakerestapi.azurewebsites.net/api/v1/Activities/4,42,0,0
1690055357582,40,DELETE Activity,200,OK,EnduranceTest 1-1,,true,,121,230,1,1,https://fakerestapi.azurewebsites.net/api/v1/Activities/4,40,0,0
1690055357623,42,GET All Activities,200,OK,EnduranceTest 1-1,text,true,,3047,206,1,1,https://fakerestapi.azurewebsites.net/api/v1/Activities,42,0,0
1690055357665,47,POST Activity,200,OK,EnduranceTest 1-1,text,true,,274,329,1,1,https://fakerestapi.azurewebsites.net/api/v1/Activities,41,0,0
1690055357712,40,GET Activity,200,OK,EnduranceTest 1-1,text,true,,288,208,1,1,https://fakerestapi.azurewebsites.net/api/v1/Activities/5,40,0,0
1690055357753,42,PUT Activity,200,OK,EnduranceTest 1-1,text,true,,274,330,1,1,https://fakerestapi.azurewebsites.net/api/v1/Activities/5,42,0,0
1690055357796,41,DELETE Activity,200,OK,EnduranceTest 1-1,,true,,121,230,1,1,https://fakerestapi.azurewebsites.net/api/v1/Activities/5,41,0,0
1690055357837,42,GET All Activities,200,OK,EnduranceTest 1-1,text,true,,3047,206,1,1,https://fakerestapi.azurewebsites.net/api/v1/Activities,42,0,0
1690055357880,41,POST Activity,200,OK,EnduranceTest 1-1,text,true,,274,329,1,1,https://fakerestapi.azurewebsites.net/api/v1/Activities,40,0,0
1690055357921,41,GET Activity,200,OK,EnduranceTest 1-1,text,true,,287,208,1,1,https://fakerestapi.azurewebsites.net/api/v1/Activities/6,41,0,0
1690055357962,43,PUT Activity,200,OK,EnduranceTest 1-1,text,true,,274,330,1,1,https://fakerestapi.azurewebsites.net/api/v1/Activities/6,43,0,0
1690055358005,42,DELETE Activity,200,OK,EnduranceTest 1-1,,true,,121,230,1,1,https://fakerestapi.azurewebsites.net/api/v1/Activities/6,42,0,0
1690055358047,43,GET All Activities,200,OK,EnduranceTest 1-1,text,true,,3047,206,1,1,https://fakerestapi.azurewebsites.net/api/v1/Activities,43,0,0
1690055358090,59,POST Activity,200,OK,EnduranceTest 1-1,text,true,,274,329,1,1,https://fakerestapi.azurewebsites.net/api/v1/Activities,59,0,0
1690055358149,52,GET Activity,200,OK,EnduranceTest 1-1,text,true,,288,208,1,1,https://fakerestapi.azurewebsites.net/api/v1/Activities/7,52,0,0
1690055358201,56,PUT Activity,200,OK,EnduranceTest 1-1,text,true,,274,330,1,1,https://fakerestapi.azurewebsites.net/api/v1/Activities/7,55,0,0
1690055358258,57,DELETE Activity,200,OK,EnduranceTest 1-1,,true,,121,230,1,1,https://fakerestapi.azurewebsites.net/api/v1/Activities/7,57,0,0
1690055358315,44,GET All Activities,200,OK,EnduranceTest 1-1,text,true,,3047,206,1,1,https://fakerestapi.azurewebsites.net/api/v1/Activities,44,0,0
1690055358359,43,POST Activity,200,OK,EnduranceTest 1-1,text,true,,274,329,1,1,https://fakerestapi.azurewebsites.net/api/v1/Activities,43,0,0
1690055358402,44,GET Activity,200,OK,EnduranceTest 1-1,text,true,,287,208,1,1,https://fakerestapi.azurewebsites.net/api/v1/Activities/8,44,0,0
1690055358446,47,PUT Activity,200,OK,EnduranceTest 1-1,text,true,,274,330,1,1,https://fakerestapi.azurewebsites.net/api/v1/Activities/8,47,0,0
1690055358493,41,DELETE Activity,200,OK,EnduranceTest 1-1,,true,,121,230,1,1,https://fakerestapi.azurewebsites.net/api/v1/Activities/8,41,0,0
1690055358534,43,GET All Activities,200,OK,EnduranceTest 1-1,text,true,,3049,206,1,1,https://fakerestapi.azurewebsites.net/api/v1/Activities,43,0,0
1690055358578,41,POST Activity,200,OK,EnduranceTest 1-1,text,true,,274,329,1,1,https://fakerestapi.azurewebsites.net/api/v1/Activities,41,0,0
1690055358619,40,GET Activity,200,OK,EnduranceTest 1-1,text,true,,288,208,1,1,https://fakerestapi.azurewebsites.net/api/v1/Activities/9,40,0,0
1690055358659,43,PUT Activity,200,OK,EnduranceTest 1-1,text,true,,274,330,1,1,https://fakerestapi.azurewebsites.net/api/v1/Activities/9,43,0,0
1690055358702,43,DELETE Activity,200,OK,EnduranceTest 1-1,,true,,121,230,1,1,https://fakerestapi.azurewebsites.net/api/v1/Activities/9,43,0,0
1690055358747,44,GET All Activities,200,OK,EnduranceTest 1-1,text,true,,3045,206,1,1,https://fakerestapi.azurewebsites.net/api/v1/Activities,43,0,0
1690055358791,48,POST Activity,200,OK,EnduranceTest 1-1,text,true,,275,330,1,1,https://fakerestapi.azurewebsites.net/api/v1/Activities,48,0,0
1690055358839,43,GET Activity,200,OK,EnduranceTest 1-1,text,true,,289,209,1,1,https://fakerestapi.azurewebsites.net/api/v1/Activities/10,43,0,0
1690055358882,42,PUT Activity,200,OK,EnduranceTest 1-1,text,true,,275,332,1,1,https://fakerestapi.azurewebsites.net/api/v1/Activities/10,42,0,0
1690055358924,42,DELETE Activity,200,OK,EnduranceTest 1-1,,true,,121,231,1,1,https://fakerestapi.azurewebsites.net/api/v1/Activities/10,42,0,0
1690055358969,40,GET All Activities,200,OK,EnduranceTest 1-1,text,true,,3046,206,1,1,https://fakerestapi.azurewebsites.net/api/v1/Activities,40,0,0
1690055359010,40,POST Activity,200,OK,EnduranceTest 1-1,text,true,,274,329,1,1,https://fakerestapi.azurewebsites.net/api/v1/Activities,40,0,0
1690055359050,40,GET Activity,200,OK,EnduranceTest 1-1,text,true,,288,208,1,1,https://fakerestapi.azurewebsites.net/api/v1/Activities/1,39,0,0
1690055359090,42,PUT Activity,200,OK,EnduranceTest 1-1,text,true,,274,330,1,1,https://fakerestapi.azurewebsites.net/api/v1/Activities/1,41,0,0
1690055359132,43,DELETE Activity,200,OK,EnduranceTest 1-1,,true,,121,230,1,1,https://fakerestapi.azurewebsites.net/api/v1/Activities/1,43,0,0
1690055359176,47,GET All Activities,200,OK,EnduranceTest 1-1,text,true,,3048,206,1,1,https://fakerestapi.azurewebsites.net/api/v1/Activities,47,0,0
1690055359223,43,POST Activity,200,OK,EnduranceTest 1-1,text,true,,274,329,1,1,https://fakerestapi.azurewebsites.net/api/v1/Activities,41,0,0
1690055359267,46,GET Activity,200,OK,EnduranceTest 1-1,text,true,,287,208,1,1,https://fakerestapi.azurewebsites.net/api/v1/Activities/2,42,0,0
1690055359313,41,PUT Activity,200,OK,EnduranceTest 1-1,text,true,,274,330,1,1,https://fakerestapi.azurewebsites.net/api/v1/Activities/2,41,0,0
1690055359355,41,DELETE Activity,200,OK,EnduranceTest 1-1,,true,,121,230,1,1,https://fakerestapi.azurewebsites.net/api/v1/Activities/2,41,0,0
1690055359396,45,GET All Activities,200,OK,EnduranceTest 1-1,text,true,,3047,206,1,1,https://fakerestapi.azurewebsites.net/api/v1/Activities,44,0,0
1690055359441,40,POST Activity,200,OK,EnduranceTest 1-1,text,true,,274,329,1,1,https://fakerestapi.azurewebsites.net/api/v1/Activities,40,0,0
1690055359481,43,GET Activity,200,OK,EnduranceTest 1-1,text,true,,288,208,1,1,https://fakerestapi.azurewebsites.net/api/v1/Activities/3,43,0,0
1690055359524,72,PUT Activity,200,OK,EnduranceTest 1-1,text,true,,274,330,1,1,https://fakerestapi.azurewebsites.net/api/v1/Activities/3,72,0,0
1690055359596,41,DELETE Activity,200,OK,EnduranceTest 1-1,,true,,121,230,1,1,https://fakerestapi.azurewebsites.net/api/v1/Activities/3,41,0,0
1690055359638,43,GET All Activities,200,OK,EnduranceTest 1-1,text,true,,3048,206,1,1,https://fakerestapi.azurewebsites.net/api/v1/Activities,43,0,0
1690055359681,41,POST Activity,200,OK,EnduranceTest 1-1,text,true,,274,329,1,1,https://fakerestapi.azurewebsites.net/api/v1/Activities,41,0,0
1690055359723,44,GET Activity,200,OK,EnduranceTest 1-1,text,true,,287,208,1,1,https://fakerestapi.azurewebsites.net/api/v1/Activities/4,44,0,0
1690055359767,52,PUT Activity,200,OK,EnduranceTest 1-1,text,true,,274,330,1,1,https://fakerestapi.azurewebsites.net/api/v1/Activities/4,45,0,0
1690055359819,47,DELETE Activity,200,OK,EnduranceTest 1-1,,true,,121,230,1,1,https://fakerestapi.azurewebsites.net/api/v1/Activities/4,47,0,0
1690055359867,41,GET All Activities,200,OK,EnduranceTest 1-1,text,true,,3045,206,1,1,https://fakerestapi.azurewebsites.net/api/v1/Activities,41,0,0
1690055359909,42,POST Activity,200,OK,EnduranceTest 1-1,text,true,,274,329,1,1,https://fakerestapi.azurewebsites.net/api/v1/Activities,42,0,0
1690055359951,47,GET Activity,200,OK,EnduranceTest 1-1,text,true,,288,208,1,1,https://fakerestapi.azurewebsites.net/api/v1/Activities/5,42,0,0
1690055359998,41,PUT Activity,200,OK,EnduranceTest 1-1,text,true,,274,330,1,1,https://fakerestapi.azurewebsites.net/api/v1/Activities/5,41,0,0
1690055360039,44,DELETE Activity,200,OK,EnduranceTest 1-1,,true,,121,230,1,1,https://fakerestapi.azurewebsites.net/api/v1/Activities/5,44,0,0
1690055360084,43,GET All Activities,200,OK,EnduranceTest 1-1,text,true,,3049,206,1,1,https://fakerestapi.azurewebsites.net/api/v1/Activities,43,0,0
1690055360128,49,POST Activity,200,OK,EnduranceTest 1-1,text,true,,274,329,1,1,https://fakerestapi.azurewebsites.net/api/v1/Activities,49,0,0
1690055360178,40,GET Activity,200,OK,EnduranceTest 1-1,text,true,,286,208,1,1,https://fakerestapi.azurewebsites.net/api/v1/Activities/6,40,0,0
1690055360218,43,PUT Activity,200,OK,EnduranceTest 1-1,text,true,,274,330,1,1,https://fakerestapi.azurewebsites.net/api/v1/Activities/6,43,0,0
1690055360261,42,DELETE Activity,200,OK,EnduranceTest 1-1,,true,,121,230,1,1,https://fakerestapi.azurewebsites.net/api/v1/Activities/6,42,0,0
1690055360303,45,GET All Activities,200,OK,EnduranceTest 1-1,text,true,,3047,206,1,1,https://fakerestapi.azurewebsites.net/api/v1/Activities,44,0,0
1690055360349,45,POST Activity,200,OK,EnduranceTest 1-1,text,true,,274,329,1,1,https://fakerestapi.azurewebsites.net/api/v1/Activities,45,0,0
1690055360395,42,GET Activity,200,OK,EnduranceTest 1-1,text,true,,288,208,1,1,https://fakerestapi.azurewebsites.net/api/v1/Activities/7,42,0,0
1690055360438,40,PUT Activity,200,OK,EnduranceTest 1-1,text,true,,274,330,1,1,https://fakerestapi.azurewebsites.net/api/v1/Activities/7,40,0,0
1690055360481,45,DELETE Activity,200,OK,EnduranceTest 1-1,,true,,121,230,1,1,https://fakerestapi.azurewebsites.net/api/v1/Activities/7,45,0,0
1690055360526,43,GET All Activities,200,OK,EnduranceTest 1-1,text,true,,3045,206,1,1,https://fakerestapi.azurewebsites.net/api/v1/Activities,42,0,0
1690055360569,42,POST Activity,200,OK,EnduranceTest 1-1,text,true,,274,329,1,1,https://fakerestapi.azurewebsites.net/api/v1/Activities,42,0,0
1690055360611,41,GET Activity,200,OK,EnduranceTest 1-1,text,true,,287,208,1,1,https://fakerestapi.azurewebsites.net/api/v1/Activities/8,41,0,0
1690055360652,42,PUT Activity,200,OK,EnduranceTest 1-1,text,true,,274,330,1,1,https://fakerestapi.azurewebsites.net/api/v1/Activities/8,42,0,0
1690055360695,40,DELETE Activity,200,OK,EnduranceTest 1-1,,true,,121,230,1,1,https://fakerestapi.azurewebsites.net/api/v1/Activities/8,40,0,0
1690055360736,42,GET All Activities,200,OK,EnduranceTest 1-1,text,true,,3046,206,1,1,https://fakerestapi.azurewebsites.net/api/v1/Activities,42,0,0
1690055360778,51,POST Activity,200,OK,EnduranceTest 1-1,text,true,,274,329,1,1,https://fakerestapi.azurewebsites.net/api/v1/Activities,51,0,0
1690055360829,40,GET Activity,200,OK,EnduranceTest 1-1,text,true,,288,208,1,1,https://fakerestapi.azurewebsites.net/api/v1/Activities/9,40,0,0
1690055360869,41,PUT Activity,200,OK,EnduranceTest 1-1,text,true,,274,330,1,1,https://fakerestapi.azurewebsites.net/api/v1/Activities/9,41,0,0
1690055360911,40,DELETE Activity,200,OK,EnduranceTest 1-1,,true,,121,230,1,1,https://fakerestapi.azurewebsites.net/api/v1/Activities/9,40,0,0
1690055360951,41,GET All Activities,200,OK,EnduranceTest 1-1,text,true,,3048,206,1,1,https://fakerestapi.azurewebsites.net/api/v1/Activities,41,0,0
1690055360992,43,POST Activity,200,OK,EnduranceTest 1-1,text,true,,275,330,1,1,https://fakerestapi.azurewebsites.net/api/v1/Activities,43,0,0
1690055361035,40,GET Activity,200,OK,EnduranceTest 1-1,text,true,,289,209,1,1,https://fakerestapi.azurewebsites.net/api/v1/Activities/10,40,0,0
1690055361076,40,PUT Activity,200,OK,EnduranceTest 1-1,text,true,,275,332,1,1,https://fakerestapi.azurewebsites.net/api/v1/Activities/10,40,0,0
1690055361116,46,DELETE Activity,200,OK,EnduranceTest 1-1,,true,,121,231,1,1,https://fakerestapi.azurewebsites.net/api/v1/Activities/10,46,0,0
1690055361163,44,GET All Activities,200,OK,EnduranceTest 1-1,text,true,,3046,206,1,1,https://fakerestapi.azurewebsites.net/api/v1/Activities,44,0,0
1690055361208,41,POST Activity,200,OK,EnduranceTest 1-1,text,true,,274,329,1,1,https://fakerestapi.azurewebsites.net/api/v1/Activities,40,0,0
1690055361249,48,GET Activity,200,OK,EnduranceTest 1-1,text,true,,288,208,1,1,https://fakerestapi.azurewebsites.net/api/v1/Activities/1,44,0,0
1690055361297,45,PUT Activity,200,OK,EnduranceTest 1-1,text,true,,274,330,1,1,https://fakerestapi.azurewebsites.net/api/v1/Activities/1,45,0,0
1690055361344,47,DELETE Activity,200,OK,EnduranceTest 1-1,,true,,121,230,1,1,https://fakerestapi.azurewebsites.net/api/v1/Activities/1,47,0,0
1690055361394,47,GET All Activities,200,OK,EnduranceTest 1-1,text,true,,3050,206,1,1,https://fakerestapi.azurewebsites.net/api/v1/Activities,44,0,0
1690055361441,44,POST Activity,200,OK,EnduranceTest 1-1,text,true,,274,329,1,1,https://fakerestapi.azurewebsites.net/api/v1/Activities,44,0,0
1690055361497,41,GET Activity,200,OK,EnduranceTest 1-1,text,true,,287,208,1,1,https://fakerestapi.azurewebsites.net/api/v1/Activities/2,41,0,0
1690055361539,42,PUT Activity,200,OK,EnduranceTest 1-1,text,true,,274,330,1,1,https://fakerestapi.azurewebsites.net/api/v1/Activities/2,42,0,0
1690055361582,39,DELETE Activity,200,OK,EnduranceTest 1-1,,true,,121,230,1,1,https://fakerestapi.azurewebsites.net/api/v1/Activities/2,39,0,0
1690055361622,43,GET All Activities,200,OK,EnduranceTest 1-1,text,true,,3043,206,1,1,https://fakerestapi.azurewebsites.net/api/v1/Activities,43,0,0
1690055361666,41,POST Activity,200,OK,EnduranceTest 1-1,text,true,,274,329,1,1,https://fakerestapi.azurewebsites.net/api/v1/Activities,41,0,0
1690055361707,46,GET Activity,200,OK,EnduranceTest 1-1,text,true,,288,208,1,1,https://fakerestapi.azurewebsites.net/api/v1/Activities/3,41,0,0
1690055361753,41,PUT Activity,200,OK,EnduranceTest 1-1,text,true,,274,330,1,1,https://fakerestapi.azurewebsites.net/api/v1/Activities/3,41,0,0
1690055361794,41,DELETE Activity,200,OK,EnduranceTest 1-1,,true,,121,230,1,1,https://fakerestapi.azurewebsites.net/api/v1/Activities/3,41,0,0
1690055361835,42,GET All Activities,200,OK,EnduranceTest 1-1,text,true,,3047,206,1,1,https://fakerestapi.azurewebsites.net/api/v1/Activities,42,0,0
1690055361878,42,POST Activity,200,OK,EnduranceTest 1-1,text,true,,274,329,1,1,https://fakerestapi.azurewebsites.net/api/v1/Activities,40,0,0
1690055361920,42,GET Activity,200,OK,EnduranceTest 1-1,text,true,,287,208,1,1,https://fakerestapi.azurewebsites.net/api/v1/Activities/4,42,0,0
1690055361962,48,PUT Activity,200,OK,EnduranceTest 1-1,text,true,,274,330,1,1,https://fakerestapi.azurewebsites.net/api/v1/Activities/4,47,0,0
1690055362010,42,DELETE Activity,200,OK,EnduranceTest 1-1,,true,,121,230,1,1,https://fakerestapi.azurewebsites.net/api/v1/Activities/4,42,0,0
1690055362053,48,GET All Activities,200,OK,EnduranceTest 1-1,text,true,,3045,206,1,1,https://fakerestapi.azurewebsites.net/api/v1/Activities,42,0,0
1690055362101,42,POST Activity,200,OK,EnduranceTest 1-1,text,true,,274,329,1,1,https://fakerestapi.azurewebsites.net/api/v1/Activities,42,0,0
1690055362144,49,GET Activity,200,OK,EnduranceTest 1-1,text,true,,288,208,1,1,https://fakerestapi.azurewebsites.net/api/v1/Activities/5,42,0,0
1690055362193,52,PUT Activity,200,OK,EnduranceTest 1-1,text,true,,274,330,1,1,https://fakerestapi.azurewebsites.net/api/v1/Activities/5,51,0,0
1690055362245,43,DELETE Activity,200,OK,EnduranceTest 1-1,,true,,121,230,1,1,https://fakerestapi.azurewebsites.net/api/v1/Activities/5,43,0,0
1690055362289,44,GET All Activities,200,OK,EnduranceTest 1-1,text,true,,3049,206,1,1,https://fakerestapi.azurewebsites.net/api/v1/Activities,44,0,0
1690055362333,41,POST Activity,200,OK,EnduranceTest 1-1,text,true,,274,329,1,1,https://fakerestapi.azurewebsites.net/api/v1/Activities,41,0,0
1690055362375,44,GET Activity,200,OK,EnduranceTest 1-1,text,true,,287,208,1,1,https://fakerestapi.azurewebsites.net/api/v1/Activities/6,43,0,0
1690055362420,43,PUT Activity,200,OK,EnduranceTest 1-1,text,true,,274,330,1,1,https://fakerestapi.azurewebsites.net/api/v1/Activities/6,42,0,0
1690055362463,42,DELETE Activity,200,OK,EnduranceTest 1-1,,true,,121,230,1,1,https://fakerestapi.azurewebsites.net/api/v1/Activities/6,42,0,0
1690055362511,48,GET All Activities,200,OK,EnduranceTest 1-1,text,true,,3048,206,1,1,https://fakerestapi.azurewebsites.net/api/v1/Activities,47,0,0
1690055362559,43,POST Activity,200,OK,EnduranceTest 1-1,text,true,,274,329,1,1,https://fakerestapi.azurewebsites.net/api/v1/Activities,43,0,0
1690055362602,41,GET Activity,200,OK,EnduranceTest 1-1,text,true,,288,208,1,1,https://fakerestapi.azurewebsites.net/api/v1/Activities/7,41,0,0
1690055362643,46,PUT Activity,200,OK,EnduranceTest 1-1,text,true,,274,330,1,1,https://fakerestapi.azurewebsites.net/api/v1/Activities/7,46,0,0
1690055362690,43,DELETE Activity,200,OK,EnduranceTest 1-1,,true,,121,230,1,1,https://fakerestapi.azurewebsites.net/api/v1/Activities/7,43,0,0
1690055362735,44,GET All Activities,200,OK,EnduranceTest 1-1,text,true,,3046,206,1,1,https://fakerestapi.azurewebsites.net/api/v1/Activities,44,0,0
1690055362779,47,POST Activity,200,OK,EnduranceTest 1-1,text,true,,274,329,1,1,https://fakerestapi.azurewebsites.net/api/v1/Activities,43,0,0
1690055362828,43,GET Activity,200,OK,EnduranceTest 1-1,text,true,,287,208,1,1,https://fakerestapi.azurewebsites.net/api/v1/Activities/8,43,0,0
1690055362872,45,PUT Activity,200,OK,EnduranceTest 1-1,text,true,,274,330,1,1,https://fakerestapi.azurewebsites.net/api/v1/Activities/8,44,0,0
1690055362917,47,DELETE Activity,200,OK,EnduranceTest 1-1,,true,,121,230,1,1,https://fakerestapi.azurewebsites.net/api/v1/Activities/8,47,0,0
1690055362964,45,GET All Activities,200,OK,EnduranceTest 1-1,text,true,,3043,206,1,1,https://fakerestapi.azurewebsites.net/api/v1/Activities,44,0,0
1690055363019,44,POST Activity,200,OK,EnduranceTest 1-1,text,true,,274,329,1,1,https://fakerestapi.azurewebsites.net/api/v1/Activities,44,0,0
1690055363064,42,GET Activity,200,OK,EnduranceTest 1-1,text,true,,288,208,1,1,https://fakerestapi.azurewebsites.net/api/v1/Activities/9,42,0,0
1690055363107,57,PUT Activity,200,OK,EnduranceTest 1-1,text,true,,274,330,1,1,https://fakerestapi.azurewebsites.net/api/v1/Activities/9,57,0,0
1690055363165,56,DELETE Activity,200,OK,EnduranceTest 1-1,,true,,121,230,1,1,https://fakerestapi.azurewebsites.net/api/v1/Activities/9,56,0,0
1690055363223,45,GET All Activities,200,OK,EnduranceTest 1-1,text,true,,3044,206,1,1,https://fakerestapi.azurewebsites.net/api/v1/Activities,44,0,0
1690055363268,71,POST Activity,200,OK,EnduranceTest 1-1,text,true,,275,330,1,1,https://fakerestapi.azurewebsites.net/api/v1/Activities,44,0,0
1690055363340,44,GET Activity,200,OK,EnduranceTest 1-1,text,true,,289,209,1,1,https://fakerestapi.azurewebsites.net/api/v1/Activities/10,44,0,0
1690055363386,42,PUT Activity,200,OK,EnduranceTest 1-1,text,true,,275,332,1,1,https://fakerestapi.azurewebsites.net/api/v1/Activities/10,41,0,0
1690055363429,42,DELETE Activity,200,OK,EnduranceTest 1-1,,true,,121,231,1,1,https://fakerestapi.azurewebsites.net/api/v1/Activities/10,42,0,0
1690055363473,51,GET All Activities,200,OK,EnduranceTest 1-1,text,true,,3048,206,1,1,https://fakerestapi.azurewebsites.net/api/v1/Activities,51,0,0
1690055363524,47,POST Activity,200,OK,EnduranceTest 1-1,text,true,,274,329,1,1,https://fakerestapi.azurewebsites.net/api/v1/Activities,47,0,0
1690055363571,43,GET Activity,200,OK,EnduranceTest 1-1,text,true,,286,208,1,1,https://fakerestapi.azurewebsites.net/api/v1/Activities/1,43,0,0
1690055363614,48,PUT Activity,200,OK,EnduranceTest 1-1,text,true,,274,330,1,1,https://fakerestapi.azurewebsites.net/api/v1/Activities/1,42,0,0
1690055363662,42,DELETE Activity,200,OK,EnduranceTest 1-1,,true,,121,230,1,1,https://fakerestapi.azurewebsites.net/api/v1/Activities/1,42,0,0
1690055363704,43,GET All Activities,200,OK,EnduranceTest 1-1,text,true,,3043,206,1,1,https://fakerestapi.azurewebsites.net/api/v1/Activities,43,0,0
1690055363747,44,POST Activity,200,OK,EnduranceTest 1-1,text,true,,274,329,1,1,https://fakerestapi.azurewebsites.net/api/v1/Activities,44,0,0
1690055363791,42,GET Activity,200,OK,EnduranceTest 1-1,text,true,,286,208,1,1,https://fakerestapi.azurewebsites.net/api/v1/Activities/2,42,0,0
1690055363834,49,PUT Activity,200,OK,EnduranceTest 1-1,text,true,,274,330,1,1,https://fakerestapi.azurewebsites.net/api/v1/Activities/2,48,0,0
1690055363883,42,DELETE Activity,200,OK,EnduranceTest 1-1,,true,,121,230,1,1,https://fakerestapi.azurewebsites.net/api/v1/Activities/2,42,0,0
1690055363927,47,GET All Activities,200,OK,EnduranceTest 1-1,text,true,,3048,206,1,1,https://fakerestapi.azurewebsites.net/api/v1/Activities,47,0,0
1690055363975,41,POST Activity,200,OK,EnduranceTest 1-1,text,true,,274,329,1,1,https://fakerestapi.azurewebsites.net/api/v1/Activities,41,0,0
1690055364023,41,GET Activity,200,OK,EnduranceTest 1-1,text,true,,288,208,1,1,https://fakerestapi.azurewebsites.net/api/v1/Activities/3,41,0,0
1690055364064,50,PUT Activity,200,OK,EnduranceTest 1-1,text,true,,274,330,1,1,https://fakerestapi.azurewebsites.net/api/v1/Activities/3,42,0,0
1690055364114,42,DELETE Activity,200,OK,EnduranceTest 1-1,,true,,121,230,1,1,https://fakerestapi.azurewebsites.net/api/v1/Activities/3,42,0,0
1690055364156,44,GET All Activities,200,OK,EnduranceTest 1-1,text,true,,3049,206,1,1,https://fakerestapi.azurewebsites.net/api/v1/Activities,44,0,0
1690055364201,40,POST Activity,200,OK,EnduranceTest 1-1,text,true,,274,329,1,1,https://fakerestapi.azurewebsites.net/api/v1/Activities,40,0,0
1690055364242,44,GET Activity,200,OK,EnduranceTest 1-1,text,true,,287,208,1,1,https://fakerestapi.azurewebsites.net/api/v1/Activities/4,44,0,0
1690055364287,47,PUT Activity,200,OK,EnduranceTest 1-1,text,true,,274,330,1,1,https://fakerestapi.azurewebsites.net/api/v1/Activities/4,47,0,0
1690055364335,43,DELETE Activity,200,OK,EnduranceTest 1-1,,true,,121,230,1,1,https://fakerestapi.azurewebsites.net/api/v1/Activities/4,43,0,0
1690055364379,44,GET All Activities,200,OK,EnduranceTest 1-1,text,true,,3046,206,1,1,https://fakerestapi.azurewebsites.net/api/v1/Activities,44,0,0
1690055364424,58,POST Activity,200,OK,EnduranceTest 1-1,text,true,,274,329,1,1,https://fakerestapi.azurewebsites.net/api/v1/Activities,58,0,0
1690055364483,46,GET Activity,200,OK,EnduranceTest 1-1,text,true,,288,208,1,1,https://fakerestapi.azurewebsites.net/api/v1/Activities/5,41,0,0
1690055364529,41,PUT Activity,200,OK,EnduranceTest 1-1,text,true,,274,330,1,1,https://fakerestapi.azurewebsites.net/api/v1/Activities/5,40,0,0
1690055364571,41,DELETE Activity,200,OK,EnduranceTest 1-1,,true,,121,230,1,1,https://fakerestapi.azurewebsites.net/api/v1/Activities/5,41,0,0
1690055364613,42,GET All Activities,200,OK,EnduranceTest 1-1,text,true,,3048,206,1,1,https://fakerestapi.azurewebsites.net/api/v1/Activities,42,0,0
1690055364655,47,POST Activity,200,OK,EnduranceTest 1-1,text,true,,274,329,1,1,https://fakerestapi.azurewebsites.net/api/v1/Activities,41,0,0
1690055364702,42,GET Activity,200,OK,EnduranceTest 1-1,text,true,,287,208,1,1,https://fakerestapi.azurewebsites.net/api/v1/Activities/6,42,0,0
1690055364744,52,PUT Activity,200,OK,EnduranceTest 1-1,text,true,,274,330,1,1,https://fakerestapi.azurewebsites.net/api/v1/Activities/6,52,0,0
1690055364796,53,DELETE Activity,200,OK,EnduranceTest 1-1,,true,,121,230,1,1,https://fakerestapi.azurewebsites.net/api/v1/Activities/6,53,0,0
1690055364849,43,GET All Activities,200,OK,EnduranceTest 1-1,text,true,,3048,206,1,1,https://fakerestapi.azurewebsites.net/api/v1/Activities,43,0,0
1690055364893,43,POST Activity,200,OK,EnduranceTest 1-1,text,true,,274,329,1,1,https://fakerestapi.azurewebsites.net/api/v1/Activities,43,0,0
1690055364937,42,GET Activity,200,OK,EnduranceTest 1-1,text,true,,288,208,1,1,https://fakerestapi.azurewebsites.net/api/v1/Activities/7,42,0,0
1690055364979,40,PUT Activity,200,OK,EnduranceTest 1-1,text,true,,274,330,1,1,https://fakerestapi.azurewebsites.net/api/v1/Activities/7,40,0,0
1690055365020,39,DELETE Activity,200,OK,EnduranceTest 1-1,,true,,121,230,1,1,https://fakerestapi.azurewebsites.net/api/v1/Activities/7,39,0,0
1690055365059,43,GET All Activities,200,OK,EnduranceTest 1-1,text,true,,3048,206,1,1,https://fakerestapi.azurewebsites.net/api/v1/Activities,43,0,0
1690055365102,46,POST Activity,200,OK,EnduranceTest 1-1,text,true,,274,329,1,1,https://fakerestapi.azurewebsites.net/api/v1/Activities,46,0,0
1690055365148,40,GET Activity,200,OK,EnduranceTest 1-1,text,true,,287,208,1,1,https://fakerestapi.azurewebsites.net/api/v1/Activities/8,40,0,0
1690055365188,42,PUT Activity,200,OK,EnduranceTest 1-1,text,true,,274,330,1,1,https://fakerestapi.azurewebsites.net/api/v1/Activities/8,41,0,0
1690055365231,43,DELETE Activity,200,OK,EnduranceTest 1-1,,true,,121,230,1,1,https://fakerestapi.azurewebsites.net/api/v1/Activities/8,43,0,0
1690055365274,43,GET All Activities,200,OK,EnduranceTest 1-1,text,true,,3045,206,1,1,https://fakerestapi.azurewebsites.net/api/v1/Activities,43,0,0
1690055365317,45,POST Activity,200,OK,EnduranceTest 1-1,text,true,,274,329,1,1,https://fakerestapi.azurewebsites.net/api/v1/Activities,45,0,0
1690055365362,42,GET Activity,200,OK,EnduranceTest 1-1,text,true,,288,208,1,1,https://fakerestapi.azurewebsites.net/api/v1/Activities/9,42,0,0
1690055365405,41,PUT Activity,200,OK,EnduranceTest 1-1,text,true,,274,330,1,1,https://fakerestapi.azurewebsites.net/api/v1/Activities/9,41,0,0
1690055365447,40,DELETE Activity,200,OK,EnduranceTest 1-1,,true,,121,230,1,1,https://fakerestapi.azurewebsites.net/api/v1/Activities/9,40,0,0
1690055365487,43,GET All Activities,200,OK,EnduranceTest 1-1,text,true,,3048,206,1,1,https://fakerestapi.azurewebsites.net/api/v1/Activities,42,0,0
1690055365530,44,POST Activity,200,OK,EnduranceTest 1-1,text,true,,275,330,1,1,https://fakerestapi.azurewebsites.net/api/v1/Activities,44,0,0
1690055365575,45,GET Activity,200,OK,EnduranceTest 1-1,text,true,,289,209,1,1,https://fakerestapi.azurewebsites.net/api/v1/Activities/10,45,0,0
1690055365620,41,PUT Activity,200,OK,EnduranceTest 1-1,text,true,,275,332,1,1,https://fakerestapi.azurewebsites.net/api/v1/Activities/10,41,0,0
1690055365661,45,DELETE Activity,200,OK,EnduranceTest 1-1,,true,,121,231,1,1,https://fakerestapi.azurewebsites.net/api/v1/Activities/10,45,0,0
1690055365707,45,GET All Activities,200,OK,EnduranceTest 1-1,text,true,,3047,206,1,1,https://fakerestapi.azurewebsites.net/api/v1/Activities,45,0,0
1690055365752,42,POST Activity,200,OK,EnduranceTest 1-1,text,true,,274,329,1,1,https://fakerestapi.azurewebsites.net/api/v1/Activities,42,0,0
1690055365794,41,GET Activity,200,OK,EnduranceTest 1-1,text,true,,288,208,1,1,https://fakerestapi.azurewebsites.net/api/v1/Activities/1,41,0,0
1690055365835,44,PUT Activity,200,OK,EnduranceTest 1-1,text,true,,274,330,1,1,https://fakerestapi.azurewebsites.net/api/v1/Activities/1,44,0,0
1690055365880,45,DELETE Activity,200,OK,EnduranceTest 1-1,,true,,121,230,1,1,https://fakerestapi.azurewebsites.net/api/v1/Activities/1,45,0,0
1690055365926,43,GET All Activities,200,OK,EnduranceTest 1-1,text,true,,3048,206,1,1,https://fakerestapi.azurewebsites.net/api/v1/Activities,43,0,0
1690055365970,63,POST Activity,200,OK,EnduranceTest 1-1,text,true,,274,329,1,1,https://fakerestapi.azurewebsites.net/api/v1/Activities,63,0,0
1690055366035,42,GET Activity,200,OK,EnduranceTest 1-1,text,true,,287,208,1,1,https://fakerestapi.azurewebsites.net/api/v1/Activities/2,42,0,0
1690055366078,47,PUT Activity,200,OK,EnduranceTest 1-1,text,true,,274,330,1,1,https://fakerestapi.azurewebsites.net/api/v1/Activities/2,47,0,0
1690055366126,41,DELETE Activity,200,OK,EnduranceTest 1-1,,true,,121,230,1,1,https://fakerestapi.azurewebsites.net/api/v1/Activities/2,41,0,0
1690055366167,44,GET All Activities,200,OK,EnduranceTest 1-1,text,true,,3044,206,1,1,https://fakerestapi.azurewebsites.net/api/v1/Activities,43,0,0
1690055366211,42,POST Activity,200,OK,EnduranceTest 1-1,text,true,,274,329,1,1,https://fakerestapi.azurewebsites.net/api/v1/Activities,42,0,0
1690055366254,41,GET Activity,200,OK,EnduranceTest 1-1,text,true,,288,208,1,1,https://fakerestapi.azurewebsites.net/api/v1/Activities/3,40,0,0
1690055366295,42,PUT Activity,200,OK,EnduranceTest 1-1,text,true,,274,330,1,1,https://fakerestapi.azurewebsites.net/api/v1/Activities/3,42,0,0
1690055366338,47,DELETE Activity,200,OK,EnduranceTest 1-1,,true,,121,230,1,1,https://fakerestapi.azurewebsites.net/api/v1/Activities/3,47,0,0
1690055366386,43,GET All Activities,200,OK,EnduranceTest 1-1,text,true,,3048,206,1,1,https://fakerestapi.azurewebsites.net/api/v1/Activities,43,0,0
1690055366430,42,POST Activity,200,OK,EnduranceTest 1-1,text,true,,274,329,1,1,https://fakerestapi.azurewebsites.net/api/v1/Activities,42,0,0
1690055366473,42,GET Activity,200,OK,EnduranceTest 1-1,text,true,,287,208,1,1,https://fakerestapi.azurewebsites.net/api/v1/Activities/4,41,0,0
1690055366515,42,PUT Activity,200,OK,EnduranceTest 1-1,text,true,,274,330,1,1,https://fakerestapi.azurewebsites.net/api/v1/Activities/4,42,0,0
1690055366558,40,DELETE Activity,200,OK,EnduranceTest 1-1,,true,,121,230,1,1,https://fakerestapi.azurewebsites.net/api/v1/Activities/4,40,0,0
1690055366599,46,GET All Activities,200,OK,EnduranceTest 1-1,text,true,,3048,206,1,1,https://fakerestapi.azurewebsites.net/api/v1/Activities,45,0,0
1690055366645,42,POST Activity,200,OK,EnduranceTest 1-1,text,true,,274,329,1,1,https://fakerestapi.azurewebsites.net/api/v1/Activities,41,0,0
1690055366687,41,GET Activity,200,OK,EnduranceTest 1-1,text,true,,288,208,1,1,https://fakerestapi.azurewebsites.net/api/v1/Activities/5,41,0,0
1690055366728,42,PUT Activity,200,OK,EnduranceTest 1-1,text,true,,274,330,1,1,https://fakerestapi.azurewebsites.net/api/v1/Activities/5,42,0,0
1690055366770,42,DELETE Activity,200,OK,EnduranceTest 1-1,,true,,121,230,1,1,https://fakerestapi.azurewebsites.net/api/v1/Activities/5,42,0,0
1690055366812,45,GET All Activities,200,OK,EnduranceTest 1-1,text,true,,3049,206,1,1,https://fakerestapi.azurewebsites.net/api/v1/Activities,44,0,0
1690055366857,49,POST Activity,200,OK,EnduranceTest 1-1,text,true,,274,329,1,1,https://fakerestapi.azurewebsites.net/api/v1/Activities,44,0,0
1690055366907,39,GET Activity,200,OK,EnduranceTest 1-1,text,true,,287,208,1,1,https://fakerestapi.azurewebsites.net/api/v1/Activities/6,39,0,0
1690055366947,43,PUT Activity,200,OK,EnduranceTest 1-1,text,true,,274,330,1,1,https://fakerestapi.azurewebsites.net/api/v1/Activities/6,43,0,0
1690055366990,48,DELETE Activity,200,OK,EnduranceTest 1-1,,true,,121,230,1,1,https://fakerestapi.azurewebsites.net/api/v1/Activities/6,48,0,0
1690055367041,52,GET All Activities,200,OK,EnduranceTest 1-1,text,true,,3048,206,1,1,https://fakerestapi.azurewebsites.net/api/v1/Activities,51,0,0
1690055367093,49,POST Activity,200,OK,EnduranceTest 1-1,text,true,,274,329,1,1,https://fakerestapi.azurewebsites.net/api/v1/Activities,47,0,0
1690055367142,43,GET Activity,200,OK,EnduranceTest 1-1,text,true,,288,208,1,1,https://fakerestapi.azurewebsites.net/api/v1/Activities/7,43,0,0
1690055367186,42,PUT Activity,200,OK,EnduranceTest 1-1,text,true,,274,330,1,1,https://fakerestapi.azurewebsites.net/api/v1/Activities/7,42,0,0
1690055367229,43,DELETE Activity,200,OK,EnduranceTest 1-1,,true,,121,230,1,1,https://fakerestapi.azurewebsites.net/api/v1/Activities/7,43,0,0
1690055367273,46,GET All Activities,200,OK,EnduranceTest 1-1,text,true,,3046,206,1,1,https://fakerestapi.azurewebsites.net/api/v1/Activities,45,0,0
1690055367319,46,POST Activity,200,OK,EnduranceTest 1-1,text,true,,274,329,1,1,https://fakerestapi.azurewebsites.net/api/v1/Activities,45,0,0
1690055367365,43,GET Activity,200,OK,EnduranceTest 1-1,text,true,,287,208,1,1,https://fakerestapi.azurewebsites.net/api/v1/Activities/8,43,0,0
1690055367409,41,PUT Activity,200,OK,EnduranceTest 1-1,text,true,,274,330,1,1,https://fakerestapi.azurewebsites.net/api/v1/Activities/8,41,0,0
1690055367450,44,DELETE Activity,200,OK,EnduranceTest 1-1,,true,,121,230,1,1,https://fakerestapi.azurewebsites.net/api/v1/Activities/8,44,0,0
1690055367494,79,GET All Activities,200,OK,EnduranceTest 1-1,text,true,,3048,206,1,1,https://fakerestapi.azurewebsites.net/api/v1/Activities,79,0,0
1690055367573,42,POST Activity,200,OK,EnduranceTest 1-1,text,true,,274,329,1,1,https://fakerestapi.azurewebsites.net/api/v1/Activities,42,0,0
1690055367615,42,GET Activity,200,OK,EnduranceTest 1-1,text,true,,288,208,1,1,https://fakerestapi.azurewebsites.net/api/v1/Activities/9,42,0,0
1690055367658,41,PUT Activity,200,OK,EnduranceTest 1-1,text,true,,274,330,1,1,https://fakerestapi.azurewebsites.net/api/v1/Activities/9,41,0,0
1690055367700,41,DELETE Activity,200,OK,EnduranceTest 1-1,,true,,121,230,1,1,https://fakerestapi.azurewebsites.net/api/v1/Activities/9,41,0,0
1690055367742,41,GET All Activities,200,OK,EnduranceTest 1-1,text,true,,3048,206,1,1,https://fakerestapi.azurewebsites.net/api/v1/Activities,41,0,0
1690055367783,41,POST Activity,200,OK,EnduranceTest 1-1,text,true,,275,330,1,1,https://fakerestapi.azurewebsites.net/api/v1/Activities,41,0,0
1690055367824,40,GET Activity,200,OK,EnduranceTest 1-1,text,true,,289,209,1,1,https://fakerestapi.azurewebsites.net/api/v1/Activities/10,40,0,0
1690055367864,43,PUT Activity,200,OK,EnduranceTest 1-1,text,true,,275,332,1,1,https://fakerestapi.azurewebsites.net/api/v1/Activities/10,42,0,0
1690055367907,39,DELETE Activity,200,OK,EnduranceTest 1-1,,true,,121,231,1,1,https://fakerestapi.azurewebsites.net/api/v1/Activities/10,39,0,0
1690055367946,42,GET All Activities,200,OK,EnduranceTest 1-1,text,true,,3047,206,1,1,https://fakerestapi.azurewebsites.net/api/v1/Activities,42,0,0
1690055367988,41,POST Activity,200,OK,EnduranceTest 1-1,text,true,,274,329,1,1,https://fakerestapi.azurewebsites.net/api/v1/Activities,40,0,0
1690055368029,41,GET Activity,200,OK,EnduranceTest 1-1,text,true,,288,208,1,1,https://fakerestapi.azurewebsites.net/api/v1/Activities/1,41,0,0
1690055368071,40,PUT Activity,200,OK,EnduranceTest 1-1,text,true,,274,330,1,1,https://fakerestapi.azurewebsites.net/api/v1/Activities/1,40,0,0
1690055368111,40,DELETE Activity,200,OK,EnduranceTest 1-1,,true,,121,230,1,1,https://fakerestapi.azurewebsites.net/api/v1/Activities/1,40,0,0
1690055368152,52,GET All Activities,200,OK,EnduranceTest 1-1,text,true,,3047,206,1,1,https://fakerestapi.azurewebsites.net/api/v1/Activities,52,0,0
1690055368204,42,POST Activity,200,OK,EnduranceTest 1-1,text,true,,274,329,1,1,https://fakerestapi.azurewebsites.net/api/v1/Activities,42,0,0
1690055368246,41,GET Activity,200,OK,EnduranceTest 1-1,text,true,,287,208,1,1,https://fakerestapi.azurewebsites.net/api/v1/Activities/2,41,0,0
1690055368287,58,PUT Activity,200,OK,EnduranceTest 1-1,text,true,,274,330,1,1,https://fakerestapi.azurewebsites.net/api/v1/Activities/2,43,0,0
1690055368346,47,DELETE Activity,200,OK,EnduranceTest 1-1,,true,,121,230,1,1,https://fakerestapi.azurewebsites.net/api/v1/Activities/2,47,0,0
1690055368394,45,GET All Activities,200,OK,EnduranceTest 1-1,text,true,,3047,206,1,1,https://fakerestapi.azurewebsites.net/api/v1/Activities,45,0,0
1690055368440,44,POST Activity,200,OK,EnduranceTest 1-1,text,true,,274,329,1,1,https://fakerestapi.azurewebsites.net/api/v1/Activities,44,0,0
1690055368484,51,GET Activity,200,OK,EnduranceTest 1-1,text,true,,288,208,1,1,https://fakerestapi.azurewebsites.net/api/v1/Activities/3,51,0,0
1690055368535,48,PUT Activity,200,OK,EnduranceTest 1-1,text,true,,274,330,1,1,https://fakerestapi.azurewebsites.net/api/v1/Activities/3,48,0,0
1690055368583,70,DELETE Activity,200,OK,EnduranceTest 1-1,,true,,121,230,1,1,https://fakerestapi.azurewebsites.net/api/v1/Activities/3,70,0,0
1690055368653,46,GET All Activities,200,OK,EnduranceTest 1-1,text,true,,3046,206,1,1,https://fakerestapi.azurewebsites.net/api/v1/Activities,43,0,0
1690055368700,41,POST Activity,200,OK,EnduranceTest 1-1,text,true,,274,329,1,1,https://fakerestapi.azurewebsites.net/api/v1/Activities,41,0,0
1690055368742,45,GET Activity,200,OK,EnduranceTest 1-1,text,true,,287,208,1,1,https://fakerestapi.azurewebsites.net/api/v1/Activities/4,44,0,0
1690055368788,42,PUT Activity,200,OK,EnduranceTest 1-1,text,true,,274,330,1,1,https://fakerestapi.azurewebsites.net/api/v1/Activities/4,41,0,0
1690055368831,42,DELETE Activity,200,OK,EnduranceTest 1-1,,true,,121,230,1,1,https://fakerestapi.azurewebsites.net/api/v1/Activities/4,42,0,0
1690055368874,46,GET All Activities,200,OK,EnduranceTest 1-1,text,true,,3047,206,1,1,https://fakerestapi.azurewebsites.net/api/v1/Activities,46,0,0
1690055368920,43,POST Activity,200,OK,EnduranceTest 1-1,text,true,,274,329,1,1,https://fakerestapi.azurewebsites.net/api/v1/Activities,42,0,0
1690055368963,42,GET Activity,200,OK,EnduranceTest 1-1,text,true,,288,208,1,1,https://fakerestapi.azurewebsites.net/api/v1/Activities/5,42,0,0
1690055369006,43,PUT Activity,200,OK,EnduranceTest 1-1,text,true,,274,330,1,1,https://fakerestapi.azurewebsites.net/api/v1/Activities/5,42,0,0
1690055369064,41,DELETE Activity,200,OK,EnduranceTest 1-1,,true,,121,230,1,1,https://fakerestapi.azurewebsites.net/api/v1/Activities/5,41,0,0
1690055369106,43,GET All Activities,200,OK,EnduranceTest 1-1,text,true,,3047,206,1,1,https://fakerestapi.azurewebsites.net/api/v1/Activities,43,0,0
1690055369150,41,POST Activity,200,OK,EnduranceTest 1-1,text,true,,274,329,1,1,https://fakerestapi.azurewebsites.net/api/v1/Activities,40,0,0
1690055369192,41,GET Activity,200,OK,EnduranceTest 1-1,text,true,,287,208,1,1,https://fakerestapi.azurewebsites.net/api/v1/Activities/6,41,0,0
1690055369234,42,PUT Activity,200,OK,EnduranceTest 1-1,text,true,,274,330,1,1,https://fakerestapi.azurewebsites.net/api/v1/Activities/6,42,0,0
1690055369277,42,DELETE Activity,200,OK,EnduranceTest 1-1,,true,,121,230,1,1,https://fakerestapi.azurewebsites.net/api/v1/Activities/6,42,0,0
1690055369319,42,GET All Activities,200,OK,EnduranceTest 1-1,text,true,,3044,206,1,1,https://fakerestapi.azurewebsites.net/api/v1/Activities,42,0,0
1690055369361,41,POST Activity,200,OK,EnduranceTest 1-1,text,true,,274,329,1,1,https://fakerestapi.azurewebsites.net/api/v1/Activities,41,0,0
1690055369402,55,GET Activity,200,OK,EnduranceTest 1-1,text,true,,288,208,1,1,https://fakerestapi.azurewebsites.net/api/v1/Activities/7,55,0,0
1690055369457,47,PUT Activity,200,OK,EnduranceTest 1-1,text,true,,274,330,1,1,https://fakerestapi.azurewebsites.net/api/v1/Activities/7,43,0,0
1690055369505,40,DELETE Activity,200,OK,EnduranceTest 1-1,,true,,121,230,1,1,https://fakerestapi.azurewebsites.net/api/v1/Activities/7,40,0,0
1690055369545,42,GET All Activities,200,OK,EnduranceTest 1-1,text,true,,3048,206,1,1,https://fakerestapi.azurewebsites.net/api/v1/Activities,42,0,0
1690055369588,40,POST Activity,200,OK,EnduranceTest 1-1,text,true,,274,329,1,1,https://fakerestapi.azurewebsites.net/api/v1/Activities,40,0,0
1690055369628,42,GET Activity,200,OK,EnduranceTest 1-1,text,true,,287,208,1,1,https://fakerestapi.azurewebsites.net/api/v1/Activities/8,41,0,0
1690055369670,42,PUT Activity,200,OK,EnduranceTest 1-1,text,true,,274,330,1,1,https://fakerestapi.azurewebsites.net/api/v1/Activities/8,41,0,0
1690055369712,40,DELETE Activity,200,OK,EnduranceTest 1-1,,true,,121,230,1,1,https://fakerestapi.azurewebsites.net/api/v1/Activities/8,40,0,0
1690055369752,48,GET All Activities,200,OK,EnduranceTest 1-1,text,true,,3046,206,1,1,https://fakerestapi.azurewebsites.net/api/v1/Activities,43,0,0
1690055369801,42,POST Activity,200,OK,EnduranceTest 1-1,text,true,,274,329,1,1,https://fakerestapi.azurewebsites.net/api/v1/Activities,42,0,0
1690055369843,39,GET Activity,200,OK,EnduranceTest 1-1,text,true,,288,208,1,1,https://fakerestapi.azurewebsites.net/api/v1/Activities/9,39,0,0
1690055369882,43,PUT Activity,200,OK,EnduranceTest 1-1,text,true,,274,330,1,1,https://fakerestapi.azurewebsites.net/api/v1/Activities/9,43,0,0
1690055369926,39,DELETE Activity,200,OK,EnduranceTest 1-1,,true,,121,230,1,1,https://fakerestapi.azurewebsites.net/api/v1/Activities/9,39,0,0
1690055369965,59,GET All Activities,200,OK,EnduranceTest 1-1,text,true,,3044,206,1,1,https://fakerestapi.azurewebsites.net/api/v1/Activities,53,0,0
1690055370024,46,POST Activity,200,OK,EnduranceTest 1-1,text,true,,275,330,1,1,https://fakerestapi.azurewebsites.net/api/v1/Activities,46,0,0
1690055370070,43,GET Activity,200,OK,EnduranceTest 1-1,text,true,,289,209,1,1,https://fakerestapi.azurewebsites.net/api/v1/Activities/10,42,0,0
1690055370113,41,PUT Activity,200,OK,EnduranceTest 1-1,text,true,,275,332,1,1,https://fakerestapi.azurewebsites.net/api/v1/Activities/10,41,0,0
1690055370154,41,DELETE Activity,200,OK,EnduranceTest 1-1,,true,,121,231,1,1,https://fakerestapi.azurewebsites.net/api/v1/Activities/10,41,0,0
1690055370197,43,GET All Activities,200,OK,EnduranceTest 1-1,text,true,,3047,206,1,1,https://fakerestapi.azurewebsites.net/api/v1/Activities,43,0,0
1690055370241,46,POST Activity,200,OK,EnduranceTest 1-1,text,true,,274,329,1,1,https://fakerestapi.azurewebsites.net/api/v1/Activities,46,0,0
1690055370288,46,GET Activity,200,OK,EnduranceTest 1-1,text,true,,288,208,1,1,https://fakerestapi.azurewebsites.net/api/v1/Activities/1,46,0,0
1690055370334,43,PUT Activity,200,OK,EnduranceTest 1-1,text,true,,274,330,1,1,https://fakerestapi.azurewebsites.net/api/v1/Activities/1,43,0,0
1690055370378,43,DELETE Activity,200,OK,EnduranceTest 1-1,,true,,121,230,1,1,https://fakerestapi.azurewebsites.net/api/v1/Activities/1,43,0,0
1690055370421,42,GET All Activities,200,OK,EnduranceTest 1-1,text,true,,3048,206,1,1,https://fakerestapi.azurewebsites.net/api/v1/Activities,42,0,0
1690055370463,43,POST Activity,200,OK,EnduranceTest 1-1,text,true,,274,329,1,1,https://fakerestapi.azurewebsites.net/api/v1/Activities,43,0,0
1690055370506,43,GET Activity,200,OK,EnduranceTest 1-1,text,true,,287,208,1,1,https://fakerestapi.azurewebsites.net/api/v1/Activities/2,43,0,0
1690055370549,44,PUT Activity,200,OK,EnduranceTest 1-1,text,true,,274,330,1,1,https://fakerestapi.azurewebsites.net/api/v1/Activities/2,44,0,0
1690055370594,44,DELETE Activity,200,OK,EnduranceTest 1-1,,true,,121,230,1,1,https://fakerestapi.azurewebsites.net/api/v1/Activities/2,44,0,0
1690055370638,50,GET All Activities,200,OK,EnduranceTest 1-1,text,true,,3046,206,1,1,https://fakerestapi.azurewebsites.net/api/v1/Activities,50,0,0
1690055370689,46,POST Activity,200,OK,EnduranceTest 1-1,text,true,,274,329,1,1,https://fakerestapi.azurewebsites.net/api/v1/Activities,46,0,0
1690055370737,60,GET Activity,200,OK,EnduranceTest 1-1,text,true,,287,208,1,1,https://fakerestapi.azurewebsites.net/api/v1/Activities/3,60,0,0
1690055370799,43,PUT Activity,200,OK,EnduranceTest 1-1,text,true,,274,330,1,1,https://fakerestapi.azurewebsites.net/api/v1/Activities/3,43,0,0
1690055370843,42,DELETE Activity,200,OK,EnduranceTest 1-1,,true,,121,230,1,1,https://fakerestapi.azurewebsites.net/api/v1/Activities/3,42,0,0
1690055370886,41,GET All Activities,200,OK,EnduranceTest 1-1,text,true,,3049,206,1,1,https://fakerestapi.azurewebsites.net/api/v1/Activities,41,0,0
1690055370928,42,POST Activity,200,OK,EnduranceTest 1-1,text,true,,274,329,1,1,https://fakerestapi.azurewebsites.net/api/v1/Activities,42,0,0
1690055370971,41,GET Activity,200,OK,EnduranceTest 1-1,text,true,,287,208,1,1,https://fakerestapi.azurewebsites.net/api/v1/Activities/4,41,0,0
1690055371013,41,PUT Activity,200,OK,EnduranceTest 1-1,text,true,,274,330,1,1,https://fakerestapi.azurewebsites.net/api/v1/Activities/4,41,0,0
1690055371055,42,DELETE Activity,200,OK,EnduranceTest 1-1,,true,,121,230,1,1,https://fakerestapi.azurewebsites.net/api/v1/Activities/4,42,0,0
1690055371097,42,GET All Activities,200,OK,EnduranceTest 1-1,text,true,,3048,206,1,1,https://fakerestapi.azurewebsites.net/api/v1/Activities,42,0,0
1690055371139,42,POST Activity,200,OK,EnduranceTest 1-1,text,true,,274,329,1,1,https://fakerestapi.azurewebsites.net/api/v1/Activities,41,0,0
1690055371181,41,GET Activity,200,OK,EnduranceTest 1-1,text,true,,288,208,1,1,https://fakerestapi.azurewebsites.net/api/v1/Activities/5,41,0,0
1690055371223,42,PUT Activity,200,OK,EnduranceTest 1-1,text,true,,274,330,1,1,https://fakerestapi.azurewebsites.net/api/v1/Activities/5,42,0,0
1690055371266,40,DELETE Activity,200,OK,EnduranceTest 1-1,,true,,121,230,1,1,https://fakerestapi.azurewebsites.net/api/v1/Activities/5,40,0,0
1690055371306,44,GET All Activities,200,OK,EnduranceTest 1-1,text,true,,3047,206,1,1,https://fakerestapi.azurewebsites.net/api/v1/Activities,43,0,0
1690055371350,41,POST Activity,200,OK,EnduranceTest 1-1,text,true,,274,329,1,1,https://fakerestapi.azurewebsites.net/api/v1/Activities,41,0,0
1690055371391,42,GET Activity,200,OK,EnduranceTest 1-1,text,true,,287,208,1,1,https://fakerestapi.azurewebsites.net/api/v1/Activities/6,42,0,0
1690055371434,43,PUT Activity,200,OK,EnduranceTest 1-1,text,true,,274,330,1,1,https://fakerestapi.azurewebsites.net/api/v1/Activities/6,43,0,0
1690055371478,41,DELETE Activity,200,OK,EnduranceTest 1-1,,true,,121,230,1,1,https://fakerestapi.azurewebsites.net/api/v1/Activities/6,41,0,0
1690055371520,41,GET All Activities,200,OK,EnduranceTest 1-1,text,true,,3044,206,1,1,https://fakerestapi.azurewebsites.net/api/v1/Activities,41,0,0
1690055371562,41,POST Activity,200,OK,EnduranceTest 1-1,text,true,,274,329,1,1,https://fakerestapi.azurewebsites.net/api/v1/Activities,41,0,0
1690055371603,42,GET Activity,200,OK,EnduranceTest 1-1,text,true,,288,208,1,1,https://fakerestapi.azurewebsites.net/api/v1/Activities/7,42,0,0
1690055371645,44,PUT Activity,200,OK,EnduranceTest 1-1,text,true,,274,330,1,1,https://fakerestapi.azurewebsites.net/api/v1/Activities/7,44,0,0
1690055371689,43,DELETE Activity,200,OK,EnduranceTest 1-1,,true,,121,230,1,1,https://fakerestapi.azurewebsites.net/api/v1/Activities/7,43,0,0
1690055371733,43,GET All Activities,200,OK,EnduranceTest 1-1,text,true,,3049,206,1,1,https://fakerestapi.azurewebsites.net/api/v1/Activities,43,0,0
1690055371777,48,POST Activity,200,OK,EnduranceTest 1-1,text,true,,274,329,1,1,https://fakerestapi.azurewebsites.net/api/v1/Activities,48,0,0
1690055371826,40,GET Activity,200,OK,EnduranceTest 1-1,text,true,,287,208,1,1,https://fakerestapi.azurewebsites.net/api/v1/Activities/8,40,0,0
1690055371867,44,PUT Activity,200,OK,EnduranceTest 1-1,text,true,,274,330,1,1,https://fakerestapi.azurewebsites.net/api/v1/Activities/8,43,0,0
1690055371911,41,DELETE Activity,200,OK,EnduranceTest 1-1,,true,,121,230,1,1,https://fakerestapi.azurewebsites.net/api/v1/Activities/8,41,0,0
1690055371953,43,GET All Activities,200,OK,EnduranceTest 1-1,text,true,,3046,206,1,1,https://fakerestapi.azurewebsites.net/api/v1/Activities,42,0,0
1690055371996,43,POST Activity,200,OK,EnduranceTest 1-1,text,true,,274,329,1,1,https://fakerestapi.azurewebsites.net/api/v1/Activities,43,0,0
1690055372040,42,GET Activity,200,OK,EnduranceTest 1-1,text,true,,288,208,1,1,https://fakerestapi.azurewebsites.net/api/v1/Activities/9,42,0,0
1690055372091,41,PUT Activity,200,OK,EnduranceTest 1-1,text,true,,274,330,1,1,https://fakerestapi.azurewebsites.net/api/v1/Activities/9,41,0,0
1690055372133,41,DELETE Activity,200,OK,EnduranceTest 1-1,,true,,121,230,1,1,https://fakerestapi.azurewebsites.net/api/v1/Activities/9,41,0,0
1690055372174,43,GET All Activities,200,OK,EnduranceTest 1-1,text,true,,3046,206,1,1,https://fakerestapi.azurewebsites.net/api/v1/Activities,42,0,0
1690055372217,42,POST Activity,200,OK,EnduranceTest 1-1,text,true,,275,330,1,1,https://fakerestapi.azurewebsites.net/api/v1/Activities,42,0,0
1690055372260,40,GET Activity,200,OK,EnduranceTest 1-1,text,true,,289,209,1,1,https://fakerestapi.azurewebsites.net/api/v1/Activities/10,40,0,0
1690055372301,50,PUT Activity,200,OK,EnduranceTest 1-1,text,true,,275,332,1,1,https://fakerestapi.azurewebsites.net/api/v1/Activities/10,50,0,0
1690055372352,40,DELETE Activity,200,OK,EnduranceTest 1-1,,true,,121,231,1,1,https://fakerestapi.azurewebsites.net/api/v1/Activities/10,40,0,0
1690055372394,42,GET All Activities,200,OK,EnduranceTest 1-1,text,true,,3047,206,1,1,https://fakerestapi.azurewebsites.net/api/v1/Activities,42,0,0
1690055372436,44,POST Activity,200,OK,EnduranceTest 1-1,text,true,,274,329,1,1,https://fakerestapi.azurewebsites.net/api/v1/Activities,44,0,0
1690055372480,40,GET Activity,200,OK,EnduranceTest 1-1,text,true,,288,208,1,1,https://fakerestapi.azurewebsites.net/api/v1/Activities/1,40,0,0
1690055372520,50,PUT Activity,200,OK,EnduranceTest 1-1,text,true,,274,330,1,1,https://fakerestapi.azurewebsites.net/api/v1/Activities/1,50,0,0
1690055372570,41,DELETE Activity,200,OK,EnduranceTest 1-1,,true,,121,230,1,1,https://fakerestapi.azurewebsites.net/api/v1/Activities/1,41,0,0
1690055372612,42,GET All Activities,200,OK,EnduranceTest 1-1,text,true,,3048,206,1,1,https://fakerestapi.azurewebsites.net/api/v1/Activities,42,0,0
1690055372654,42,POST Activity,200,OK,EnduranceTest 1-1,text,true,,274,329,1,1,https://fakerestapi.azurewebsites.net/api/v1/Activities,42,0,0
1690055372696,42,GET Activity,200,OK,EnduranceTest 1-1,text,true,,287,208,1,1,https://fakerestapi.azurewebsites.net/api/v1/Activities/2,42,0,0
1690055372739,43,PUT Activity,200,OK,EnduranceTest 1-1,text,true,,274,330,1,1,https://fakerestapi.azurewebsites.net/api/v1/Activities/2,43,0,0
1690055372782,39,DELETE Activity,200,OK,EnduranceTest 1-1,,true,,121,230,1,1,https://fakerestapi.azurewebsites.net/api/v1/Activities/2,39,0,0
1690055372822,41,GET All Activities,200,OK,EnduranceTest 1-1,text,true,,3047,206,1,1,https://fakerestapi.azurewebsites.net/api/v1/Activities,40,0,0
1690055372863,42,POST Activity,200,OK,EnduranceTest 1-1,text,true,,274,329,1,1,https://fakerestapi.azurewebsites.net/api/v1/Activities,41,0,0
1690055372905,41,GET Activity,200,OK,EnduranceTest 1-1,text,true,,288,208,1,1,https://fakerestapi.azurewebsites.net/api/v1/Activities/3,41,0,0
1690055372946,53,PUT Activity,200,OK,EnduranceTest 1-1,text,true,,274,330,1,1,https://fakerestapi.azurewebsites.net/api/v1/Activities/3,53,0,0
1690055373000,43,DELETE Activity,200,OK,EnduranceTest 1-1,,true,,121,230,1,1,https://fakerestapi.azurewebsites.net/api/v1/Activities/3,43,0,0
1690055373044,42,GET All Activities,200,OK,EnduranceTest 1-1,text,true,,3046,206,1,1,https://fakerestapi.azurewebsites.net/api/v1/Activities,42,0,0
1690055373104,47,POST Activity,200,OK,EnduranceTest 1-1,text,true,,274,329,1,1,https://fakerestapi.azurewebsites.net/api/v1/Activities,45,0,0
1690055373151,53,GET Activity,200,OK,EnduranceTest 1-1,text,true,,287,208,1,1,https://fakerestapi.azurewebsites.net/api/v1/Activities/4,52,0,0
1690055373204,41,PUT Activity,200,OK,EnduranceTest 1-1,text,true,,274,330,1,1,https://fakerestapi.azurewebsites.net/api/v1/Activities/4,41,0,0
1690055373245,40,DELETE Activity,200,OK,EnduranceTest 1-1,,true,,121,230,1,1,https://fakerestapi.azurewebsites.net/api/v1/Activities/4,40,0,0
1690055373286,44,GET All Activities,200,OK,EnduranceTest 1-1,text,true,,3048,206,1,1,https://fakerestapi.azurewebsites.net/api/v1/Activities,44,0,0
1690055373331,42,POST Activity,200,OK,EnduranceTest 1-1,text,true,,274,329,1,1,https://fakerestapi.azurewebsites.net/api/v1/Activities,42,0,0
1690055373374,41,GET Activity,200,OK,EnduranceTest 1-1,text,true,,288,208,1,1,https://fakerestapi.azurewebsites.net/api/v1/Activities/5,40,0,0
1690055373415,46,PUT Activity,200,OK,EnduranceTest 1-1,text,true,,274,330,1,1,https://fakerestapi.azurewebsites.net/api/v1/Activities/5,45,0,0
1690055373461,41,DELETE Activity,200,OK,EnduranceTest 1-1,,true,,121,230,1,1,https://fakerestapi.azurewebsites.net/api/v1/Activities/5,41,0,0
1690055373503,42,GET All Activities,200,OK,EnduranceTest 1-1,text,true,,3045,206,1,1,https://fakerestapi.azurewebsites.net/api/v1/Activities,42,0,0
1690055373546,42,POST Activity,200,OK,EnduranceTest 1-1,text,true,,274,329,1,1,https://fakerestapi.azurewebsites.net/api/v1/Activities,42,0,0
1690055373607,42,GET Activity,200,OK,EnduranceTest 1-1,text,true,,287,208,1,1,https://fakerestapi.azurewebsites.net/api/v1/Activities/6,42,0,0
1690055373649,41,PUT Activity,200,OK,EnduranceTest 1-1,text,true,,274,330,1,1,https://fakerestapi.azurewebsites.net/api/v1/Activities/6,41,0,0
1690055373690,42,DELETE Activity,200,OK,EnduranceTest 1-1,,true,,121,230,1,1,https://fakerestapi.azurewebsites.net/api/v1/Activities/6,42,0,0
1690055373732,41,GET All Activities,200,OK,EnduranceTest 1-1,text,true,,3047,206,1,1,https://fakerestapi.azurewebsites.net/api/v1/Activities,41,0,0
1690055373773,44,POST Activity,200,OK,EnduranceTest 1-1,text,true,,274,329,1,1,https://fakerestapi.azurewebsites.net/api/v1/Activities,44,0,0
1690055373817,39,GET Activity,200,OK,EnduranceTest 1-1,text,true,,288,208,1,1,https://fakerestapi.azurewebsites.net/api/v1/Activities/7,39,0,0
1690055373857,40,PUT Activity,200,OK,EnduranceTest 1-1,text,true,,274,330,1,1,https://fakerestapi.azurewebsites.net/api/v1/Activities/7,40,0,0
1690055373897,42,DELETE Activity,200,OK,EnduranceTest 1-1,,true,,121,230,1,1,https://fakerestapi.azurewebsites.net/api/v1/Activities/7,42,0,0
1690055373940,42,GET All Activities,200,OK,EnduranceTest 1-1,text,true,,3048,206,1,1,https://fakerestapi.azurewebsites.net/api/v1/Activities,41,0,0
1690055373982,42,POST Activity,200,OK,EnduranceTest 1-1,text,true,,274,329,1,1,https://fakerestapi.azurewebsites.net/api/v1/Activities,42,0,0
1690055374025,40,GET Activity,200,OK,EnduranceTest 1-1,text,true,,285,208,1,1,https://fakerestapi.azurewebsites.net/api/v1/Activities/8,40,0,0
1690055374066,42,PUT Activity,200,OK,EnduranceTest 1-1,text,true,,274,330,1,1,https://fakerestapi.azurewebsites.net/api/v1/Activities/8,42,0,0
1690055374116,40,DELETE Activity,200,OK,EnduranceTest 1-1,,true,,121,230,1,1,https://fakerestapi.azurewebsites.net/api/v1/Activities/8,40,0,0
1690055374157,41,GET All Activities,200,OK,EnduranceTest 1-1,text,true,,3046,206,1,1,https://fakerestapi.azurewebsites.net/api/v1/Activities,41,0,0
1690055374198,40,POST Activity,200,OK,EnduranceTest 1-1,text,true,,274,329,1,1,https://fakerestapi.azurewebsites.net/api/v1/Activities,40,0,0
1690055374238,41,GET Activity,200,OK,EnduranceTest 1-1,text,true,,288,208,1,1,https://fakerestapi.azurewebsites.net/api/v1/Activities/9,40,0,0
1690055374279,41,PUT Activity,200,OK,EnduranceTest 1-1,text,true,,274,330,1,1,https://fakerestapi.azurewebsites.net/api/v1/Activities/9,40,0,0
1690055374320,42,DELETE Activity,200,OK,EnduranceTest 1-1,,true,,121,230,1,1,https://fakerestapi.azurewebsites.net/api/v1/Activities/9,42,0,0
1690055374362,42,GET All Activities,200,OK,EnduranceTest 1-1,text,true,,3047,206,1,1,https://fakerestapi.azurewebsites.net/api/v1/Activities,42,0,0
1690055374404,42,POST Activity,200,OK,EnduranceTest 1-1,text,true,,275,330,1,1,https://fakerestapi.azurewebsites.net/api/v1/Activities,42,0,0
1690055374446,40,GET Activity,200,OK,EnduranceTest 1-1,text,true,,289,209,1,1,https://fakerestapi.azurewebsites.net/api/v1/Activities/10,40,0,0
1690055374487,40,PUT Activity,200,OK,EnduranceTest 1-1,text,true,,275,332,1,1,https://fakerestapi.azurewebsites.net/api/v1/Activities/10,40,0,0
1690055374528,41,DELETE Activity,200,OK,EnduranceTest 1-1,,true,,121,231,1,1,https://fakerestapi.azurewebsites.net/api/v1/Activities/10,41,0,0
1690055374571,40,GET All Activities,200,OK,EnduranceTest 1-1,text,true,,3047,206,1,1,https://fakerestapi.azurewebsites.net/api/v1/Activities,40,0,0
1690055374619,40,POST Activity,200,OK,EnduranceTest 1-1,text,true,,274,329,1,1,https://fakerestapi.azurewebsites.net/api/v1/Activities,40,0,0
1690055374660,40,GET Activity,200,OK,EnduranceTest 1-1,text,true,,288,208,1,1,https://fakerestapi.azurewebsites.net/api/v1/Activities/1,40,0,0
1690055374700,41,PUT Activity,200,OK,EnduranceTest 1-1,text,true,,274,330,1,1,https://fakerestapi.azurewebsites.net/api/v1/Activities/1,41,0,0
1690055374741,48,DELETE Activity,200,OK,EnduranceTest 1-1,,true,,121,230,1,1,https://fakerestapi.azurewebsites.net/api/v1/Activities/1,48,0,0
1690055374789,43,GET All Activities,200,OK,EnduranceTest 1-1,text,true,,3044,206,1,1,https://fakerestapi.azurewebsites.net/api/v1/Activities,43,0,0
1690055374833,43,POST Activity,200,OK,EnduranceTest 1-1,text,true,,274,329,1,1,https://fakerestapi.azurewebsites.net/api/v1/Activities,43,0,0
1690055374877,44,GET Activity,200,OK,EnduranceTest 1-1,text,true,,287,208,1,1,https://fakerestapi.azurewebsites.net/api/v1/Activities/2,43,0,0
1690055374922,40,PUT Activity,200,OK,EnduranceTest 1-1,text,true,,274,330,1,1,https://fakerestapi.azurewebsites.net/api/v1/Activities/2,40,0,0
1690055374963,41,DELETE Activity,200,OK,EnduranceTest 1-1,,true,,121,230,1,1,https://fakerestapi.azurewebsites.net/api/v1/Activities/2,41,0,0
1690055375004,44,GET All Activities,200,OK,EnduranceTest 1-1,text,true,,3047,206,1,1,https://fakerestapi.azurewebsites.net/api/v1/Activities,44,0,0
1690055375049,45,POST Activity,200,OK,EnduranceTest 1-1,text,true,,274,329,1,1,https://fakerestapi.azurewebsites.net/api/v1/Activities,45,0,0
1690055375095,42,GET Activity,200,OK,EnduranceTest 1-1,text,true,,286,208,1,1,https://fakerestapi.azurewebsites.net/api/v1/Activities/3,42,0,0
1690055375137,41,PUT Activity,200,OK,EnduranceTest 1-1,text,true,,274,330,1,1,https://fakerestapi.azurewebsites.net/api/v1/Activities/3,41,0,0
1690055375178,41,DELETE Activity,200,OK,EnduranceTest 1-1,,true,,121,230,1,1,https://fakerestapi.azurewebsites.net/api/v1/Activities/3,41,0,0
1690055375220,43,GET All Activities,200,OK,EnduranceTest 1-1,text,true,,3045,206,1,1,https://fakerestapi.azurewebsites.net/api/v1/Activities,43,0,0
1690055375264,40,POST Activity,200,OK,EnduranceTest 1-1,text,true,,274,329,1,1,https://fakerestapi.azurewebsites.net/api/v1/Activities,40,0,0
1690055375304,42,GET Activity,200,OK,EnduranceTest 1-1,text,true,,287,208,1,1,https://fakerestapi.azurewebsites.net/api/v1/Activities/4,42,0,0
1690055375347,41,PUT Activity,200,OK,EnduranceTest 1-1,text,true,,274,330,1,1,https://fakerestapi.azurewebsites.net/api/v1/Activities/4,41,0,0
1690055375388,40,DELETE Activity,200,OK,EnduranceTest 1-1,,true,,121,230,1,1,https://fakerestapi.azurewebsites.net/api/v1/Activities/4,40,0,0
1690055375428,42,GET All Activities,200,OK,EnduranceTest 1-1,text,true,,3045,206,1,1,https://fakerestapi.azurewebsites.net/api/v1/Activities,42,0,0
1690055375470,44,POST Activity,200,OK,EnduranceTest 1-1,text,true,,274,329,1,1,https://fakerestapi.azurewebsites.net/api/v1/Activities,44,0,0
1690055375515,81,GET Activity,200,OK,EnduranceTest 1-1,text,true,,288,208,1,1,https://fakerestapi.azurewebsites.net/api/v1/Activities/5,81,0,0
1690055375596,42,PUT Activity,200,OK,EnduranceTest 1-1,text,true,,274,330,1,1,https://fakerestapi.azurewebsites.net/api/v1/Activities/5,42,0,0
1690055375638,40,DELETE Activity,200,OK,EnduranceTest 1-1,,true,,121,230,1,1,https://fakerestapi.azurewebsites.net/api/v1/Activities/5,40,0,0
1690055375678,43,GET All Activities,200,OK,EnduranceTest 1-1,text,true,,3049,206,1,1,https://fakerestapi.azurewebsites.net/api/v1/Activities,43,0,0
1690055375721,42,POST Activity,200,OK,EnduranceTest 1-1,text,true,,274,329,1,1,https://fakerestapi.azurewebsites.net/api/v1/Activities,42,0,0
1690055375764,43,GET Activity,200,OK,EnduranceTest 1-1,text,true,,287,208,1,1,https://fakerestapi.azurewebsites.net/api/v1/Activities/6,42,0,0
1690055375808,43,PUT Activity,200,OK,EnduranceTest 1-1,text,true,,274,330,1,1,https://fakerestapi.azurewebsites.net/api/v1/Activities/6,43,0,0
1690055375852,44,DELETE Activity,200,OK,EnduranceTest 1-1,,true,,121,230,1,1,https://fakerestapi.azurewebsites.net/api/v1/Activities/6,44,0,0
1690055375897,42,GET All Activities,200,OK,EnduranceTest 1-1,text,true,,3047,206,1,1,https://fakerestapi.azurewebsites.net/api/v1/Activities,42,0,0
1690055375939,42,POST Activity,200,OK,EnduranceTest 1-1,text,true,,274,329,1,1,https://fakerestapi.azurewebsites.net/api/v1/Activities,42,0,0
1690055375982,45,GET Activity,200,OK,EnduranceTest 1-1,text,true,,288,208,1,1,https://fakerestapi.azurewebsites.net/api/v1/Activities/7,45,0,0
1690055376027,43,PUT Activity,200,OK,EnduranceTest 1-1,text,true,,274,330,1,1,https://fakerestapi.azurewebsites.net/api/v1/Activities/7,43,0,0
1690055376074,43,DELETE Activity,200,OK,EnduranceTest 1-1,,true,,121,230,1,1,https://fakerestapi.azurewebsites.net/api/v1/Activities/7,43,0,0
1690055376131,43,GET All Activities,200,OK,EnduranceTest 1-1,text,true,,3048,206,1,1,https://fakerestapi.azurewebsites.net/api/v1/Activities,43,0,0
1690055376174,42,POST Activity,200,OK,EnduranceTest 1-1,text,true,,274,329,1,1,https://fakerestapi.azurewebsites.net/api/v1/Activities,42,0,0
1690055376216,41,GET Activity,200,OK,EnduranceTest 1-1,text,true,,287,208,1,1,https://fakerestapi.azurewebsites.net/api/v1/Activities/8,41,0,0
1690055376258,41,PUT Activity,200,OK,EnduranceTest 1-1,text,true,,274,330,1,1,https://fakerestapi.azurewebsites.net/api/v1/Activities/8,41,0,0
1690055376299,40,DELETE Activity,200,OK,EnduranceTest 1-1,,true,,121,230,1,1,https://fakerestapi.azurewebsites.net/api/v1/Activities/8,40,0,0
1690055376341,44,GET All Activities,200,OK,EnduranceTest 1-1,text,true,,3047,206,1,1,https://fakerestapi.azurewebsites.net/api/v1/Activities,44,0,0
1690055376386,42,POST Activity,200,OK,EnduranceTest 1-1,text,true,,274,329,1,1,https://fakerestapi.azurewebsites.net/api/v1/Activities,42,0,0
1690055376428,40,GET Activity,200,OK,EnduranceTest 1-1,text,true,,288,208,1,1,https://fakerestapi.azurewebsites.net/api/v1/Activities/9,39,0,0
1690055376468,42,PUT Activity,200,OK,EnduranceTest 1-1,text,true,,274,330,1,1,https://fakerestapi.azurewebsites.net/api/v1/Activities/9,42,0,0
1690055376511,46,DELETE Activity,200,OK,EnduranceTest 1-1,,true,,121,230,1,1,https://fakerestapi.azurewebsites.net/api/v1/Activities/9,46,0,0
1690055376557,42,GET All Activities,200,OK,EnduranceTest 1-1,text,true,,3046,206,1,1,https://fakerestapi.azurewebsites.net/api/v1/Activities,42,0,0
1690055376599,42,POST Activity,200,OK,EnduranceTest 1-1,text,true,,275,330,1,1,https://fakerestapi.azurewebsites.net/api/v1/Activities,42,0,0
1690055376641,41,GET Activity,200,OK,EnduranceTest 1-1,text,true,,289,209,1,1,https://fakerestapi.azurewebsites.net/api/v1/Activities/10,41,0,0
1690055376682,40,PUT Activity,200,OK,EnduranceTest 1-1,text,true,,275,332,1,1,https://fakerestapi.azurewebsites.net/api/v1/Activities/10,40,0,0
1690055376722,40,DELETE Activity,200,OK,EnduranceTest 1-1,,true,,121,231,1,1,https://fakerestapi.azurewebsites.net/api/v1/Activities/10,40,0,0
1690055376764,41,GET All Activities,200,OK,EnduranceTest 1-1,text,true,,3046,206,1,1,https://fakerestapi.azurewebsites.net/api/v1/Activities,41,0,0
1690055376806,43,POST Activity,200,OK,EnduranceTest 1-1,text,true,,274,329,1,1,https://fakerestapi.azurewebsites.net/api/v1/Activities,42,0,0
1690055376849,41,GET Activity,200,OK,EnduranceTest 1-1,text,true,,288,208,1,1,https://fakerestapi.azurewebsites.net/api/v1/Activities/1,41,0,0
1690055376890,43,PUT Activity,200,OK,EnduranceTest 1-1,text,true,,274,330,1,1,https://fakerestapi.azurewebsites.net/api/v1/Activities/1,42,0,0
1690055376933,41,DELETE Activity,200,OK,EnduranceTest 1-1,,true,,121,230,1,1,https://fakerestapi.azurewebsites.net/api/v1/Activities/1,41,0,0
1690055376974,40,GET All Activities,200,OK,EnduranceTest 1-1,text,true,,3048,206,1,1,https://fakerestapi.azurewebsites.net/api/v1/Activities,40,0,0
1690055377015,39,POST Activity,200,OK,EnduranceTest 1-1,text,true,,274,329,1,1,https://fakerestapi.azurewebsites.net/api/v1/Activities,39,0,0
1690055377054,75,GET Activity,200,OK,EnduranceTest 1-1,text,true,,286,208,1,1,https://fakerestapi.azurewebsites.net/api/v1/Activities/2,75,0,0
1690055377130,45,PUT Activity,200,OK,EnduranceTest 1-1,text,true,,274,330,1,1,https://fakerestapi.azurewebsites.net/api/v1/Activities/2,45,0,0
1690055377176,39,DELETE Activity,200,OK,EnduranceTest 1-1,,true,,121,230,1,1,https://fakerestapi.azurewebsites.net/api/v1/Activities/2,39,0,0
1690055377216,41,GET All Activities,200,OK,EnduranceTest 1-1,text,true,,3044,206,1,1,https://fakerestapi.azurewebsites.net/api/v1/Activities,40,0,0
1690055377257,42,POST Activity,200,OK,EnduranceTest 1-1,text,true,,274,329,1,1,https://fakerestapi.azurewebsites.net/api/v1/Activities,41,0,0
1690055377299,40,GET Activity,200,OK,EnduranceTest 1-1,text,true,,288,208,1,1,https://fakerestapi.azurewebsites.net/api/v1/Activities/3,40,0,0
1690055377339,42,PUT Activity,200,OK,EnduranceTest 1-1,text,true,,274,330,1,1,https://fakerestapi.azurewebsites.net/api/v1/Activities/3,42,0,0
1690055377381,39,DELETE Activity,200,OK,EnduranceTest 1-1,,true,,121,230,1,1,https://fakerestapi.azurewebsites.net/api/v1/Activities/3,39,0,0
1690055377421,41,GET All Activities,200,OK,EnduranceTest 1-1,text,true,,3045,206,1,1,https://fakerestapi.azurewebsites.net/api/v1/Activities,41,0,0
1690055377462,40,POST Activity,200,OK,EnduranceTest 1-1,text,true,,274,329,1,1,https://fakerestapi.azurewebsites.net/api/v1/Activities,40,0,0
1690055377502,40,GET Activity,200,OK,EnduranceTest 1-1,text,true,,287,208,1,1,https://fakerestapi.azurewebsites.net/api/v1/Activities/4,40,0,0
1690055377542,39,PUT Activity,200,OK,EnduranceTest 1-1,text,true,,274,330,1,1,https://fakerestapi.azurewebsites.net/api/v1/Activities/4,39,0,0
1690055377581,41,DELETE Activity,200,OK,EnduranceTest 1-1,,true,,121,230,1,1,https://fakerestapi.azurewebsites.net/api/v1/Activities/4,41,0,0
1690055377627,42,GET All Activities,200,OK,EnduranceTest 1-1,text,true,,3048,206,1,1,https://fakerestapi.azurewebsites.net/api/v1/Activities,41,0,0
1690055377670,41,POST Activity,200,OK,EnduranceTest 1-1,text,true,,274,329,1,1,https://fakerestapi.azurewebsites.net/api/v1/Activities,41,0,0
1690055377711,40,GET Activity,200,OK,EnduranceTest 1-1,text,true,,288,208,1,1,https://fakerestapi.azurewebsites.net/api/v1/Activities/5,40,0,0
1690055377751,44,PUT Activity,200,OK,EnduranceTest 1-1,text,true,,274,330,1,1,https://fakerestapi.azurewebsites.net/api/v1/Activities/5,44,0,0
1690055377795,42,DELETE Activity,200,OK,EnduranceTest 1-1,,true,,121,230,1,1,https://fakerestapi.azurewebsites.net/api/v1/Activities/5,42,0,0
1690055377837,44,GET All Activities,200,OK,EnduranceTest 1-1,text,true,,3047,206,1,1,https://fakerestapi.azurewebsites.net/api/v1/Activities,44,0,0
1690055377882,40,POST Activity,200,OK,EnduranceTest 1-1,text,true,,274,329,1,1,https://fakerestapi.azurewebsites.net/api/v1/Activities,40,0,0
1690055377922,42,GET Activity,200,OK,EnduranceTest 1-1,text,true,,287,208,1,1,https://fakerestapi.azurewebsites.net/api/v1/Activities/6,42,0,0
1690055377964,41,PUT Activity,200,OK,EnduranceTest 1-1,text,true,,274,330,1,1,https://fakerestapi.azurewebsites.net/api/v1/Activities/6,41,0,0
1690055378005,59,DELETE Activity,200,OK,EnduranceTest 1-1,,true,,121,230,1,1,https://fakerestapi.azurewebsites.net/api/v1/Activities/6,59,0,0
1690055378064,43,GET All Activities,200,OK,EnduranceTest 1-1,text,true,,3045,206,1,1,https://fakerestapi.azurewebsites.net/api/v1/Activities,43,0,0
1690055378107,46,POST Activity,200,OK,EnduranceTest 1-1,text,true,,274,329,1,1,https://fakerestapi.azurewebsites.net/api/v1/Activities,41,0,0
1690055378153,77,GET Activity,200,OK,EnduranceTest 1-1,text,true,,288,208,1,1,https://fakerestapi.azurewebsites.net/api/v1/Activities/7,77,0,0
1690055378230,66,PUT Activity,200,OK,EnduranceTest 1-1,text,true,,274,330,1,1,https://fakerestapi.azurewebsites.net/api/v1/Activities/7,63,0,0
1690055378297,41,DELETE Activity,200,OK,EnduranceTest 1-1,,true,,121,230,1,1,https://fakerestapi.azurewebsites.net/api/v1/Activities/7,41,0,0
1690055378339,44,GET All Activities,200,OK,EnduranceTest 1-1,text,true,,3048,206,1,1,https://fakerestapi.azurewebsites.net/api/v1/Activities,44,0,0
1690055378384,43,POST Activity,200,OK,EnduranceTest 1-1,text,true,,274,329,1,1,https://fakerestapi.azurewebsites.net/api/v1/Activities,43,0,0
1690055378427,41,GET Activity,200,OK,EnduranceTest 1-1,text,true,,287,208,1,1,https://fakerestapi.azurewebsites.net/api/v1/Activities/8,41,0,0
1690055378469,42,PUT Activity,200,OK,EnduranceTest 1-1,text,true,,274,330,1,1,https://fakerestapi.azurewebsites.net/api/v1/Activities/8,41,0,0
1690055378511,43,DELETE Activity,200,OK,EnduranceTest 1-1,,true,,121,230,1,1,https://fakerestapi.azurewebsites.net/api/v1/Activities/8,43,0,0
1690055378555,45,GET All Activities,200,OK,EnduranceTest 1-1,text,true,,3049,206,1,1,https://fakerestapi.azurewebsites.net/api/v1/Activities,45,0,0
1690055378601,42,POST Activity,200,OK,EnduranceTest 1-1,text,true,,274,329,1,1,https://fakerestapi.azurewebsites.net/api/v1/Activities,42,0,0
1690055378649,41,GET Activity,200,OK,EnduranceTest 1-1,text,true,,288,208,1,1,https://fakerestapi.azurewebsites.net/api/v1/Activities/9,41,0,0
1690055378691,45,PUT Activity,200,OK,EnduranceTest 1-1,text,true,,274,330,1,1,https://fakerestapi.azurewebsites.net/api/v1/Activities/9,45,0,0
1690055378736,42,DELETE Activity,200,OK,EnduranceTest 1-1,,true,,121,230,1,1,https://fakerestapi.azurewebsites.net/api/v1/Activities/9,42,0,0
1690055378779,42,GET All Activities,200,OK,EnduranceTest 1-1,text,true,,3048,206,1,1,https://fakerestapi.azurewebsites.net/api/v1/Activities,42,0,0
1690055378822,44,POST Activity,200,OK,EnduranceTest 1-1,text,true,,275,330,1,1,https://fakerestapi.azurewebsites.net/api/v1/Activities,44,0,0
1690055378867,41,GET Activity,200,OK,EnduranceTest 1-1,text,true,,289,209,1,1,https://fakerestapi.azurewebsites.net/api/v1/Activities/10,41,0,0
1690055378908,43,PUT Activity,200,OK,EnduranceTest 1-1,text,true,,275,332,1,1,https://fakerestapi.azurewebsites.net/api/v1/Activities/10,43,0,0
1690055378952,45,DELETE Activity,200,OK,EnduranceTest 1-1,,true,,121,231,1,1,https://fakerestapi.azurewebsites.net/api/v1/Activities/10,45,0,0
1690055378999,44,GET All Activities,200,OK,EnduranceTest 1-1,text,true,,3046,206,1,1,https://fakerestapi.azurewebsites.net/api/v1/Activities,43,0,0
1690055379043,44,POST Activity,200,OK,EnduranceTest 1-1,text,true,,274,329,1,1,https://fakerestapi.azurewebsites.net/api/v1/Activities,44,0,0
1690055379087,52,GET Activity,200,OK,EnduranceTest 1-1,text,true,,288,208,1,1,https://fakerestapi.azurewebsites.net/api/v1/Activities/1,52,0,0
1690055379158,40,PUT Activity,200,OK,EnduranceTest 1-1,text,true,,274,330,1,1,https://fakerestapi.azurewebsites.net/api/v1/Activities/1,40,0,0
1690055379199,38,DELETE Activity,200,OK,EnduranceTest 1-1,,true,,121,230,1,1,https://fakerestapi.azurewebsites.net/api/v1/Activities/1,38,0,0
1690055379238,41,GET All Activities,200,OK,EnduranceTest 1-1,text,true,,3048,206,1,1,https://fakerestapi.azurewebsites.net/api/v1/Activities,41,0,0
1690055379280,42,POST Activity,200,OK,EnduranceTest 1-1,text,true,,274,329,1,1,https://fakerestapi.azurewebsites.net/api/v1/Activities,42,0,0
1690055379322,50,GET Activity,200,OK,EnduranceTest 1-1,text,true,,287,208,1,1,https://fakerestapi.azurewebsites.net/api/v1/Activities/2,50,0,0
1690055379372,42,PUT Activity,200,OK,EnduranceTest 1-1,text,true,,274,330,1,1,https://fakerestapi.azurewebsites.net/api/v1/Activities/2,41,0,0
1690055379414,39,DELETE Activity,200,OK,EnduranceTest 1-1,,true,,121,230,1,1,https://fakerestapi.azurewebsites.net/api/v1/Activities/2,39,0,0
1690055379453,42,GET All Activities,200,OK,EnduranceTest 1-1,text,true,,3048,206,1,1,https://fakerestapi.azurewebsites.net/api/v1/Activities,41,0,0
1690055379495,41,POST Activity,200,OK,EnduranceTest 1-1,text,true,,274,329,1,1,https://fakerestapi.azurewebsites.net/api/v1/Activities,41,0,0
1690055379536,40,GET Activity,200,OK,EnduranceTest 1-1,text,true,,288,208,1,1,https://fakerestapi.azurewebsites.net/api/v1/Activities/3,40,0,0
1690055379577,40,PUT Activity,200,OK,EnduranceTest 1-1,text,true,,274,330,1,1,https://fakerestapi.azurewebsites.net/api/v1/Activities/3,40,0,0
1690055379617,40,DELETE Activity,200,OK,EnduranceTest 1-1,,true,,121,230,1,1,https://fakerestapi.azurewebsites.net/api/v1/Activities/3,40,0,0
1690055379657,46,GET All Activities,200,OK,EnduranceTest 1-1,text,true,,3048,206,1,1,https://fakerestapi.azurewebsites.net/api/v1/Activities,46,0,0
1690055379703,41,POST Activity,200,OK,EnduranceTest 1-1,text,true,,274,329,1,1,https://fakerestapi.azurewebsites.net/api/v1/Activities,41,0,0
1690055379744,49,GET Activity,200,OK,EnduranceTest 1-1,text,true,,287,208,1,1,https://fakerestapi.azurewebsites.net/api/v1/Activities/4,49,0,0
1690055379793,44,PUT Activity,200,OK,EnduranceTest 1-1,text,true,,274,330,1,1,https://fakerestapi.azurewebsites.net/api/v1/Activities/4,44,0,0
1690055379838,42,DELETE Activity,200,OK,EnduranceTest 1-1,,true,,121,230,1,1,https://fakerestapi.azurewebsites.net/api/v1/Activities/4,42,0,0
1690055379880,43,GET All Activities,200,OK,EnduranceTest 1-1,text,true,,3046,206,1,1,https://fakerestapi.azurewebsites.net/api/v1/Activities,43,0,0
1690055379924,41,POST Activity,200,OK,EnduranceTest 1-1,text,true,,274,329,1,1,https://fakerestapi.azurewebsites.net/api/v1/Activities,41,0,0
1690055379966,41,GET Activity,200,OK,EnduranceTest 1-1,text,true,,288,208,1,1,https://fakerestapi.azurewebsites.net/api/v1/Activities/5,41,0,0
1690055380008,41,PUT Activity,200,OK,EnduranceTest 1-1,text,true,,274,330,1,1,https://fakerestapi.azurewebsites.net/api/v1/Activities/5,41,0,0
1690055380050,43,DELETE Activity,200,OK,EnduranceTest 1-1,,true,,121,230,1,1,https://fakerestapi.azurewebsites.net/api/v1/Activities/5,43,0,0
1690055380094,41,GET All Activities,200,OK,EnduranceTest 1-1,text,true,,3044,206,1,1,https://fakerestapi.azurewebsites.net/api/v1/Activities,41,0,0
1690055380162,41,POST Activity,200,OK,EnduranceTest 1-1,text,true,,274,329,1,1,https://fakerestapi.azurewebsites.net/api/v1/Activities,41,0,0
1690055380204,39,GET Activity,200,OK,EnduranceTest 1-1,text,true,,287,208,1,1,https://fakerestapi.azurewebsites.net/api/v1/Activities/6,39,0,0
1690055380243,46,PUT Activity,200,OK,EnduranceTest 1-1,text,true,,274,330,1,1,https://fakerestapi.azurewebsites.net/api/v1/Activities/6,43,0,0
1690055380290,44,DELETE Activity,200,OK,EnduranceTest 1-1,,true,,121,230,1,1,https://fakerestapi.azurewebsites.net/api/v1/Activities/6,44,0,0
1690055380335,42,GET All Activities,200,OK,EnduranceTest 1-1,text,true,,3048,206,1,1,https://fakerestapi.azurewebsites.net/api/v1/Activities,41,0,0
1690055380377,43,POST Activity,200,OK,EnduranceTest 1-1,text,true,,274,329,1,1,https://fakerestapi.azurewebsites.net/api/v1/Activities,42,0,0
1690055380420,42,GET Activity,200,OK,EnduranceTest 1-1,text,true,,287,208,1,1,https://fakerestapi.azurewebsites.net/api/v1/Activities/7,42,0,0
1690055380463,43,PUT Activity,200,OK,EnduranceTest 1-1,text,true,,274,330,1,1,https://fakerestapi.azurewebsites.net/api/v1/Activities/7,43,0,0
1690055380506,41,DELETE Activity,200,OK,EnduranceTest 1-1,,true,,121,230,1,1,https://fakerestapi.azurewebsites.net/api/v1/Activities/7,41,0,0
1690055380548,56,GET All Activities,200,OK,EnduranceTest 1-1,text,true,,3045,206,1,1,https://fakerestapi.azurewebsites.net/api/v1/Activities,47,0,0
1690055380604,41,POST Activity,200,OK,EnduranceTest 1-1,text,true,,274,329,1,1,https://fakerestapi.azurewebsites.net/api/v1/Activities,41,0,0
1690055380654,47,GET Activity,200,OK,EnduranceTest 1-1,text,true,,287,208,1,1,https://fakerestapi.azurewebsites.net/api/v1/Activities/8,47,0,0
1690055380701,42,PUT Activity,200,OK,EnduranceTest 1-1,text,true,,274,330,1,1,https://fakerestapi.azurewebsites.net/api/v1/Activities/8,42,0,0
1690055380744,42,DELETE Activity,200,OK,EnduranceTest 1-1,,true,,121,230,1,1,https://fakerestapi.azurewebsites.net/api/v1/Activities/8,42,0,0
1690055380786,43,GET All Activities,200,OK,EnduranceTest 1-1,text,true,,3047,206,1,1,https://fakerestapi.azurewebsites.net/api/v1/Activities,43,0,0
1690055380829,41,POST Activity,200,OK,EnduranceTest 1-1,text,true,,274,329,1,1,https://fakerestapi.azurewebsites.net/api/v1/Activities,41,0,0
1690055380871,40,GET Activity,200,OK,EnduranceTest 1-1,text,true,,288,208,1,1,https://fakerestapi.azurewebsites.net/api/v1/Activities/9,40,0,0
1690055380911,40,PUT Activity,200,OK,EnduranceTest 1-1,text,true,,274,330,1,1,https://fakerestapi.azurewebsites.net/api/v1/Activities/9,40,0,0
1690055380952,87,DELETE Activity,200,OK,EnduranceTest 1-1,,true,,121,230,1,1,https://fakerestapi.azurewebsites.net/api/v1/Activities/9,87,0,0
1690055381039,43,GET All Activities,200,OK,EnduranceTest 1-1,text,true,,3045,206,1,1,https://fakerestapi.azurewebsites.net/api/v1/Activities,43,0,0
1690055381082,42,POST Activity,200,OK,EnduranceTest 1-1,text,true,,275,330,1,1,https://fakerestapi.azurewebsites.net/api/v1/Activities,42,0,0
1690055381124,44,GET Activity,200,OK,EnduranceTest 1-1,text,true,,288,209,1,1,https://fakerestapi.azurewebsites.net/api/v1/Activities/10,44,0,0
1690055381169,40,PUT Activity,200,OK,EnduranceTest 1-1,text,true,,275,332,1,1,https://fakerestapi.azurewebsites.net/api/v1/Activities/10,40,0,0
1690055381209,40,DELETE Activity,200,OK,EnduranceTest 1-1,,true,,121,231,1,1,https://fakerestapi.azurewebsites.net/api/v1/Activities/10,40,0,0
1690055381250,41,GET All Activities,200,OK,EnduranceTest 1-1,text,true,,3049,206,1,1,https://fakerestapi.azurewebsites.net/api/v1/Activities,41,0,0
1690055381290,59,POST Activity,200,OK,EnduranceTest 1-1,text,true,,274,329,1,1,https://fakerestapi.azurewebsites.net/api/v1/Activities,59,0,0
1690055381349,40,GET Activity,200,OK,EnduranceTest 1-1,text,true,,288,208,1,1,https://fakerestapi.azurewebsites.net/api/v1/Activities/1,40,0,0
1690055381390,40,PUT Activity,200,OK,EnduranceTest 1-1,text,true,,274,330,1,1,https://fakerestapi.azurewebsites.net/api/v1/Activities/1,40,0,0
1690055381431,41,DELETE Activity,200,OK,EnduranceTest 1-1,,true,,121,230,1,1,https://fakerestapi.azurewebsites.net/api/v1/Activities/1,41,0,0
1690055381474,42,GET All Activities,200,OK,EnduranceTest 1-1,text,true,,3047,206,1,1,https://fakerestapi.azurewebsites.net/api/v1/Activities,41,0,0
1690055381516,75,POST Activity,200,OK,EnduranceTest 1-1,text,true,,274,329,1,1,https://fakerestapi.azurewebsites.net/api/v1/Activities,74,0,0
1690055381591,40,GET Activity,200,OK,EnduranceTest 1-1,text,true,,287,208,1,1,https://fakerestapi.azurewebsites.net/api/v1/Activities/2,40,0,0
1690055381631,84,PUT Activity,200,OK,EnduranceTest 1-1,text,true,,274,330,1,1,https://fakerestapi.azurewebsites.net/api/v1/Activities/2,84,0,0
